PMID,Title,Authors,Citation,First Author,Journal/Book,Publication Year,Create Date,PMCID,NIHMS ID,DOI
"38592388","Acetaminophen Use During Pregnancy and Children's Risk of Autism, ADHD, and Intellectual Disability","Ahlqvist VH, Sjöqvist H, Dalman C, Karlsson H, Stephansson O, Johansson S, Magnusson C, Gardner RM, Lee BK.","JAMA. 2024 Apr 9;331(14):1205-1214. doi: 10.1001/jama.2024.3172.","Ahlqvist VH","JAMA","2024","2024/04/09","PMC11004836","","10.1001/jama.2024.3172"
"40098600","Optimal Vasopressin Initiation in Septic Shock: The OVISS Reinforcement Learning Study","Kalimouttou A, Kennedy JN, Feng J, Singh H, Saria S, Angus DC, Seymour CW, Pirracchio R.","JAMA. 2025 May 20;333(19):1688-1698. doi: 10.1001/jama.2025.3046.","Kalimouttou A","JAMA","2025","2025/03/18","PMC11920879","","10.1001/jama.2025.3046"
"34962526","Prevalence and Treatment of Diabetes in China, 2013-2018","Wang L, Peng W, Zhao Z, Zhang M, Shi Z, Song Z, Zhang X, Li C, Huang Z, Sun X, Wang L, Zhou M, Wu J, Wang Y.","JAMA. 2021 Dec 28;326(24):2498-2506. doi: 10.1001/jama.2021.22208.","Wang L","JAMA","2021","2021/12/28","PMC8715349","","10.1001/jama.2021.22208"
"39018030","Endometriosis Typology and Ovarian Cancer Risk","Barnard ME, Farland LV, Yan B, Wang J, Trabert B, Doherty JA, Meeks HD, Madsen M, Guinto E, Collin LJ, Maurer KA, Page JM, Kiser AC, Varner MW, Allen-Brady K, Pollack AZ, Peterson KR, Peterson CM, Schliep KC.","JAMA. 2024 Aug 13;332(6):482-489. doi: 10.1001/jama.2024.9210.","Barnard ME","JAMA","2024","2024/07/17","PMC11255975","","10.1001/jama.2024.9210"
"39068545","Blood Biomarkers to Detect Alzheimer Disease in Primary Care and Secondary Care","Palmqvist S, Tideman P, Mattsson-Carlgren N, Schindler SE, Smith R, Ossenkoppele R, Calling S, West T, Monane M, Verghese PB, Braunstein JB, Blennow K, Janelidze S, Stomrud E, Salvadó G, Hansson O.","JAMA. 2024 Oct 15;332(15):1245-1257. doi: 10.1001/jama.2024.13855.","Palmqvist S","JAMA","2024","2024/07/28","PMC11284636","","10.1001/jama.2024.13855"
"38563834","Tumor-Infiltrating Lymphocytes in Triple-Negative Breast Cancer","Leon-Ferre RA, Jonas SF, Salgado R, Loi S, de Jong V, Carter JM, Nielsen TO, Leung S, Riaz N, Chia S, Jules-Clément G, Curigliano G, Criscitiello C, Cockenpot V, Lambertini M, Suman VJ, Linderholm B, Martens JWM, van Deurzen CHM, Timmermans AM, Shimoi T, Yazaki S, Yoshida M, Kim SB, Lee HJ, Dieci MV, Bataillon G, Vincent-Salomon A, André F, Kok M, Linn SC, Goetz MP, Michiels S; International Immuno-Oncology Biomarker Working Group.","JAMA. 2024 Apr 2;331(13):1135-1144. doi: 10.1001/jama.2024.3056.","Leon-Ferre RA","JAMA","2024","2024/04/02","PMC10988354","","10.1001/jama.2024.3056"
"40382791","A Multidimensional Diagnostic Approach for Chronic Obstructive Pulmonary Disease","COPDGene 2025 Diagnosis Working Group and CanCOLD Investigators; Bhatt SP, Abadi E, Anzueto A, Bodduluri S, Casaburi R, Castaldi PJ, Cho MH, Comellas AP, Conrad DJ, Curtis JL, Dass C, DeMeo DL, Dransfield MT, San José Estépar R, Flenaugh EL, Foreman MG, Fortis S, Gupta A, Han MK, Hanania NA, Hersh CP, Hokanson JE, Humphries SM, Kirby M, Kunisaki KM, Li PZ, Lynch DA, MacIntyre NR, Make BJ, Mannino DM, Martinez FJ, McEvoy CE, Miller BE, Moll M, Nakhmani A, Newell JD Jr, Pratte KA, Regan EA, Reinhardt JM, Rennard SI, Rossiter HB, Strand MJ, Suri R, Wan ES, Wendt CH, Westney GE, Wilson CG, Wise RA, Young KA, Tan WC, Silverman EK, Crapo JD.","JAMA. 2025 Jun 24;333(24):2164-2175. doi: 10.1001/jama.2025.7358.","COPDGene 2025 Diagnosis Working Group and CanCOLD Investigators","JAMA","2025","2025/05/18","PMC12086702","","10.1001/jama.2025.7358"
"40531519","Addictive Screen Use Trajectories and Suicidal Behaviors, Suicidal Ideation, and Mental Health in US Youths","Xiao Y, Meng Y, Brown TT, Keyes KM, Mann JJ.","JAMA. 2025 Jul 15;334(3):219-228. doi: 10.1001/jama.2025.7829.","Xiao Y","JAMA","2025","2025/06/18","PMC12177733","","10.1001/jama.2025.7829"
"37787795","Estimated Glomerular Filtration Rate, Albuminuria, and Adverse Outcomes: An Individual-Participant Data Meta-Analysis","Writing Group for the CKD Prognosis Consortium; Grams ME, Coresh J, Matsushita K, Ballew SH, Sang Y, Surapaneni A, Alencar de Pinho N, Anderson A, Appel LJ, Ärnlöv J, Azizi F, Bansal N, Bell S, Bilo HJG, Brunskill NJ, Carrero JJ, Chadban S, Chalmers J, Chen J, Ciemins E, Cirillo M, Ebert N, Evans M, Ferreiro A, Fu EL, Fukagawa M, Green JA, Gutierrez OM, Herrington WG, Hwang SJ, Inker LA, Iseki K, Jafar T, Jassal SK, Jha V, Kadota A, Katz R, Köttgen A, Konta T, Kronenberg F, Lee BJ, Lees J, Levin A, Looker HC, Major R, Melzer Cohen C, Mieno M, Miyazaki M, Moranne O, Muraki I, Naimark D, Nitsch D, Oh W, Pena M, Purnell TS, Sabanayagam C, Satoh M, Sawhney S, Schaeffner E, Schöttker B, Shen JI, Shlipak MG, Sinha S, Stengel B, Sumida K, Tonelli M, Valdivielso JM, van Zuilen AD, Visseren FLJ, Wang AY, Wen CP, Wheeler DC, Yatsuya H, Yamagata K, Yang JW, Young A, Zhang H, Zhang L, Levey AS, Gansevoort RT.","JAMA. 2023 Oct 3;330(13):1266-1277. doi: 10.1001/jama.2023.17002.","Writing Group for the CKD Prognosis Consortium","JAMA","2023","2023/10/03","PMC10548311","","10.1001/jama.2023.17002"
"41159833","Development and Validation of the Sequential Organ Failure Assessment (SOFA)-2 Score","Ranzani OT, Singer M, Salluh JIF, Shankar-Hari M, Pilcher D, Berger-Estilita J, Coopersmith CM, Juffermans NP, Laffey J, Reinikainen M, Neto AS, Tavares M, Timsit JF, Arias Lopez MDP, Arulkumaran N, Aryal D, Azoulay E, Celi LA, Chaudhuri D, De Lange D, De Waele J, Dos Santos CC, Du B, Einav S, Engelbrecht T, Fazla F, Ferrer R, Finazzi S, Fujii T, Gershengorn HB, Greene JD, Haniffa R, Hao S, Hasan MS, Hollenberg S, Ippolito M, Jung C, Kirov M, Kobari S, Lakbar I, Lipman J, Liu V, Liu X, Lobo SM, Magatti D, Martin GS, Metnitz B, Metnitz P, Myatra SN, Oczkowski S, Paiva JA, Paruk F, Pekkarinen PT, Piquilloud L, Pölkki A, Prescott HC, Blaser AR, Rezende E, Robba C, Rochwerg B, Ruckly S, Samei R, Schenck EJ, Secombe P, Sendagire C, Siaw-Frimpong M, Simpkin AJ, Soares M, Summers C, Szczeklik W, Takala J, Tanaka S, Tricella G, Vincent JL, Wendon J, Zampieri FG, Rhodes A, Moreno R.","JAMA. 2025 Dec 16;334(23):2090-2103. doi: 10.1001/jama.2025.20516.","Ranzani OT","JAMA","2025","2025/10/29","PMC12573119","","10.1001/jama.2025.20516"
"33755076","Intubation Practices and Adverse Peri-intubation Events in Critically Ill Patients From 29 Countries","Russotto V, Myatra SN, Laffey JG, Tassistro E, Antolini L, Bauer P, Lascarrou JB, Szuldrzynski K, Camporota L, Pelosi P, Sorbello M, Higgs A, Greif R, Putensen C, Agvald-Öhman C, Chalkias A, Bokums K, Brewster D, Rossi E, Fumagalli R, Pesenti A, Foti G, Bellani G; INTUBE Study Investigators.","JAMA. 2021 Mar 23;325(12):1164-1172. doi: 10.1001/jama.2021.1727.","Russotto V","JAMA","2021","2021/03/23","PMC7988368","","10.1001/jama.2021.1727"
"40267506","Herpes Zoster Vaccination and Dementia Occurrence","Pomirchy M, Bommer C, Pradella F, Michalik F, Peters R, Geldsetzer P.","JAMA. 2025 Jun 17;333(23):2083-2092. doi: 10.1001/jama.2025.5013.","Pomirchy M","JAMA","2025","2025/04/23","PMC12019675","","10.1001/jama.2025.5013"
"37210745","Airway-Occluding Mucus Plugs and Mortality in Patients With Chronic Obstructive Pulmonary Disease","Diaz AA, Orejas JL, Grumley S, Nath HP, Wang W, Dolliver WR, Yen A, Kligerman SJ, Jacobs K, Manapragada PP, Abozeed M, Aziz MU, Zahid M, Ahmed AN, Terry NL, San José Estépar R, Kim V, Make BJ, Han MK, Sonavane S, Washko GR, Cho M, San José Estépar R.","JAMA. 2023 Jun 6;329(21):1832-1839. doi: 10.1001/jama.2023.2065.","Diaz AA","JAMA","2023","2023/05/21","PMC10201404","","10.1001/jama.2023.2065"
"38873722","Germline CDH1 Variants and Lifetime Cancer Risk","Ryan CE, Fasaye GA, Gallanis AF, Gamble LA, McClelland PH, Duemler A, Samaranayake SG, Blakely AM, Drogan CM, Kingham K, Patel D, Rodgers-Fouche L, Siegel A, Kupfer SS, Ford JM, Chung DC, Dowty JG, Sampson J, Davis JL.","JAMA. 2024 Sep 3;332(9):722-729. doi: 10.1001/jama.2024.10852.","Ryan CE","JAMA","2024","2024/06/14","PMC11372503","","10.1001/jama.2024.10852"
"34427600","Trends in Prevalence of Type 1 and Type 2 Diabetes in Children and Adolescents in the US, 2001-2017","Lawrence JM, Divers J, Isom S, Saydah S, Imperatore G, Pihoker C, Marcovina SM, Mayer-Davis EJ, Hamman RF, Dolan L, Dabelea D, Pettitt DJ, Liese AD; SEARCH for Diabetes in Youth Study Group.","JAMA. 2021 Aug 24;326(8):717-727. doi: 10.1001/jama.2021.11165.","Lawrence JM","JAMA","2021","2021/08/24","PMC8385600","","10.1001/jama.2021.11165"
"36692560","Estimated Prevalence and Clinical Manifestations of UBA1 Variants Associated With VEXAS Syndrome in a Clinical Population","Beck DB, Bodian DL, Shah V, Mirshahi UL, Kim J, Ding Y, Magaziner SJ, Strande NT, Cantor A, Haley JS, Cook A, Hill W, Schwartz AL, Grayson PC, Ferrada MA, Kastner DL, Carey DJ, Stewart DR.","JAMA. 2023 Jan 24;329(4):318-324. doi: 10.1001/jama.2022.24836.","Beck DB","JAMA","2023","2023/01/24","PMC10408261","","10.1001/jama.2022.24836"
"37698563","Sedentary Behavior and Incident Dementia Among Older Adults","Raichlen DA, Aslan DH, Sayre MK, Bharadwaj PK, Ally M, Maltagliati S, Lai MHC, Wilcox RR, Klimentidis YC, Alexander GE.","JAMA. 2023 Sep 12;330(10):934-940. doi: 10.1001/jama.2023.15231.","Raichlen DA","JAMA","2023","2023/09/12","PMC10498332","","10.1001/jama.2023.15231"
"38739396","Prognostic Value of Cardiovascular Biomarkers in the Population","Neumann JT, Twerenbold R, Weimann J, Ballantyne CM, Benjamin EJ, Costanzo S, de Lemos JA, deFilippi CR, Di Castelnuovo A, Donfrancesco C, Dörr M, Eggers KM, Engström G, Felix SB, Ferrario MM, Gansevoort RT, Giampaoli S, Giedraitis V, Hedberg P, Iacoviello L, Jørgensen T, Kee F, Koenig W, Kuulasmaa K, Lewis JR, Lorenz T, Lyngbakken MN, Magnussen C, Melander O, Nauck M, Niiranen TJ, Nilsson PM, Olsen MH, Omland T, Oskarsson V, Palmieri L, Peters A, Prince RL, Qaderi V, Vasan RS, Salomaa V, Sans S, Smith JG, Söderberg S, Thorand B, Tonkin AM, Tunstall-Pedoe H, Veronesi G, Watanabe T, Watanabe M, Zeiher AM, Zeller T, Blankenberg S, Ojeda F.","JAMA. 2024 Jun 11;331(22):1898-1909. doi: 10.1001/jama.2024.5596.","Neumann JT","JAMA","2024","2024/05/13","PMC11091824","","10.1001/jama.2024.5596"
"38814624","Long-Term Outcomes in Patients Using Protocol-Directed Active Surveillance for Prostate Cancer","Newcomb LF, Schenk JM, Zheng Y, Liu M, Zhu K, Brooks JD, Carroll PR, Dash A, de la Calle CM, Ellis WJ, Filson CP, Gleave ME, Liss MA, Martin F, McKenney JK, Morgan TM, Tretiakova MS, Wagner AA, Nelson PS, Lin DW.","JAMA. 2024 Jun 25;331(24):2084-2093. doi: 10.1001/jama.2024.6695.","Newcomb LF","JAMA","2024","2024/05/30","PMC11140579","","10.1001/jama.2024.6695"
"38512249","Vibration-Controlled Transient Elastography Scores to Predict Liver-Related Events in Steatotic Liver Disease","Lin H, Lee HW, Yip TC, Tsochatzis E, Petta S, Bugianesi E, Yoneda M, Zheng MH, Hagström H, Boursier J, Calleja JL, Goh GB, Chan WK, Gallego-Durán R, Sanyal AJ, de Lédinghen V, Newsome PN, Fan JG, Castéra L, Lai M, Harrison SA, Fournier-Poizat C, Wong GL, Pennisi G, Armandi A, Nakajima A, Liu WY, Shang Y, de Saint-Loup M, Llop E, Teh KK, Lara-Romero C, Asgharpour A, Mahgoub S, Chan MS, Canivet CM, Romero-Gomez M, Kim SU, Wong VW; VCTE-Prognosis Study Group.","JAMA. 2024 Apr 16;331(15):1287-1297. doi: 10.1001/jama.2024.1447.","Lin H","JAMA","2024","2024/03/21","PMC10958386","","10.1001/jama.2024.1447"
"39418046","Buprenorphine/Naloxone vs Methadone for the Treatment of Opioid Use Disorder","Nosyk B, Min JE, Homayra F, Kurz M, Guerra-Alejos BC, Yan R, Piske M, Seaman SR, Bach P, Greenland S, Karim ME, Siebert U, Bruneau J, Gustafson P, Kampman K, Korthuis PT, Loughin T, McCandless LC, Platt RW, Schnepel KT, Socías ME.","JAMA. 2024 Dec 3;332(21):1822-1831. doi: 10.1001/jama.2024.16954.","Nosyk B","JAMA","2024","2024/10/17","PMC11581542","","10.1001/jama.2024.16954"
"37552302","Sugar-Sweetened and Artificially Sweetened Beverages and Risk of Liver Cancer and Chronic Liver Disease Mortality","Zhao L, Zhang X, Coday M, Garcia DO, Li X, Mossavar-Rahmani Y, Naughton MJ, Lopez-Pentecost M, Saquib N, Shadyab AH, Simon MS, Snetselaar LG, Tabung FK, Tobias DK, VoPham T, McGlynn KA, Sesso HD, Giovannucci E, Manson JE, Hu FB, Tinker LF, Zhang X.","JAMA. 2023 Aug 8;330(6):537-546. doi: 10.1001/jama.2023.12618.","Zhao L","JAMA","2023","2023/08/08","PMC10410478","","10.1001/jama.2023.12618"
"38227031","Analysis of Breast Cancer Mortality in the US-1975 to 2019","Caswell-Jin JL, Sun LP, Munoz D, Lu Y, Li Y, Huang H, Hampton JM, Song J, Jayasekera J, Schechter C, Alagoz O, Stout NK, Trentham-Dietz A, Lee SJ, Huang X, Mandelblatt JS, Berry DA, Kurian AW, Plevritis SK.","JAMA. 2024 Jan 16;331(3):233-241. doi: 10.1001/jama.2023.25881.","Caswell-Jin JL","JAMA","2024","2024/01/16","PMC10792466","","10.1001/jama.2023.25881"
"38501205","Individualized Treatment Effects of Oxygen Targets in Mechanically Ventilated Critically Ill Adults","Buell KG, Spicer AB, Casey JD, Seitz KP, Qian ET, Graham Linck EJ, Self WH, Rice TW, Sinha P, Young PJ, Semler MW, Churpek MM.","JAMA. 2024 Apr 9;331(14):1195-1204. doi: 10.1001/jama.2024.2933.","Buell KG","JAMA","2024","2024/03/19","PMC10951851","","10.1001/jama.2024.2933"
"37278994","Development of a Definition of Postacute Sequelae of SARS-CoV-2 Infection","Thaweethai T, Jolley SE, Karlson EW, Levitan EB, Levy B, McComsey GA, McCorkell L, Nadkarni GN, Parthasarathy S, Singh U, Walker TA, Selvaggi CA, Shinnick DJ, Schulte CCM, Atchley-Challenner R, Alba GA, Alicic R, Altman N, Anglin K, Argueta U, Ashktorab H, Baslet G, Bassett IV, Bateman L, Bedi B, Bhattacharyya S, Bind MA, Blomkalns AL, Bonilla H, Brim H, Bush PA, Castro M, Chan J, Charney AW, Chen P, Chibnik LB, Chu HY, Clifton RG, Costantine MM, Cribbs SK, Davila Nieves SI, Deeks SG, Duven A, Emery IF, Erdmann N, Erlandson KM, Ernst KC, Farah-Abraham R, Farner CE, Feuerriegel EM, Fleurimont J, Fonseca V, Franko N, Gainer V, Gander JC, Gardner EM, Geng LN, Gibson KS, Go M, Goldman JD, Grebe H, Greenway FL, Habli M, Hafner J, Han JE, Hanson KA, Heath J, Hernandez C, Hess R, Hodder SL, Hoffman MK, Hoover SE, Huang B, Hughes BL, Jagannathan P, John J, Jordan MR, Katz SD, Kaufman ES, Kelly JD, Kelly SW, Kemp MM, Kirwan JP, Klein JD, Knox KS, Krishnan JA, Kumar A, Laiyemo AO, Lambert AA, Lanca M, Lee-Iannotti JK, Logarbo BP, Longo MT, Luciano CA, Lutrick K, Maley JH, Mallett G, Marathe JG, Marconi V, Marshall GD, et al.","JAMA. 2023 Jun 13;329(22):1934-1946. doi: 10.1001/jama.2023.8823.","Thaweethai T","JAMA","2023","2023/06/06","PMC10214179","","10.1001/jama.2023.8823"
"37191704","Global Variations in Heart Failure Etiology, Management, and Outcomes","G-CHF Investigators; Joseph P, Roy A, Lonn E, Störk S, Floras J, Mielniczuk L, Rouleau JL, Zhu J, Dzudie A, Balasubramanian K, Karaye K, AlHabib KF, Gómez-Mesa JE, Branch KR, Makubi A, Budaj A, Avezum A, Wittlinger T, Ertl G, Mondo C, Pogosova N, Maggioni AP, Orlandini A, Parkhomenko A, ElSayed A, López-Jaramillo P, Grinvalds A, Temizhan A, Hage C, Lund LH, Kazmi K, Lanas F, Sharma SK, Fox K, McMurray JJV, Leong D, Dokainish H, Khetan A, Yonga G, Kragholm K, Wagdy Shaker K, Mwita JC, Al-Mulla AA, Alla F, Damasceno A, Silva-Cardoso J, Dans AL, Sliwa K, O'Donnell M, Bazargani N, Bayés-Genís A, McCready T, Probstfield J, Yusuf S.","JAMA. 2023 May 16;329(19):1650-1661. doi: 10.1001/jama.2023.5942.","G-CHF Investigators","JAMA","2023","2023/05/16","PMC10189564","","10.1001/jama.2023.5942"
"38583868","Cancer Stage Compared With Mortality as End Points in Randomized Clinical Trials of Cancer Screening: A Systematic Review and Meta-Analysis","Feng X, Zahed H, Onwuka J, Callister MEJ, Johansson M, Etzioni R, Robbins HA.","JAMA. 2024 Jun 11;331(22):1910-1917. doi: 10.1001/jama.2024.5814.","Feng X","JAMA","2024","2024/04/07","PMC11000135","","10.1001/jama.2024.5814"
"39549270","Evaluating Performance and Agreement of Coronary Heart Disease Polygenic Risk Scores","Abramowitz SA, Boulier K, Keat K, Cardone KM, Shivakumar M, DePaolo J, Judy R, Bermudez F, Mimouni N, Neylan C, Kim D, Rader DJ, Ritchie MD, Voight BF, Pasaniuc B, Levin MG, Damrauer SM; Penn Medicine BioBank.","JAMA. 2025 Jan 7;333(1):60-70. doi: 10.1001/jama.2024.23784.","Abramowitz SA","JAMA","2025","2024/11/16","PMC11569413","","10.1001/jama.2024.23784"
"40159341","Cardiac Arrest During Long-Distance Running Races","Kim JH, Rim AJ, Miller JT, Jackson M, Patel N, Rajesh S, Ko YA, DiGregorio H, Chiampas G, McGillivray D, Holder J, Baggish AL.","JAMA. 2025 May 20;333(19):1699-1707. doi: 10.1001/jama.2025.3026.","Kim JH","JAMA","2025","2025/03/30","PMC11955904","","10.1001/jama.2025.3026"
"37097356","Emulation of Randomized Clinical Trials With Nonrandomized Database Analyses: Results of 32 Clinical Trials","Wang SV, Schneeweiss S; RCT-DUPLICATE Initiative; Franklin JM, Desai RJ, Feldman W, Garry EM, Glynn RJ, Lin KJ, Paik J, Patorno E, Suissa S, D'Andrea E, Jawaid D, Lee H, Pawar A, Sreedhara SK, Tesfaye H, Bessette LG, Zabotka L, Lee SB, Gautam N, York C, Zakoul H, Concato J, Martin D, Paraoan D, Quinto K.","JAMA. 2023 Apr 25;329(16):1376-1385. doi: 10.1001/jama.2023.4221.","Wang SV","JAMA","2023","2023/04/25","PMC10130954","","10.1001/jama.2023.4221"
"37432431","Rapid Whole-Genomic Sequencing and a Targeted Neonatal Gene Panel in Infants With a Suspected Genetic Disorder","Maron JL, Kingsmore S, Gelb BD, Vockley J, Wigby K, Bragg J, Stroustrup A, Poindexter B, Suhrie K, Kim JH, Diacovo T, Powell CM, Trembath A, Guidugli L, Ellsworth KA, Reed D, Kurfiss A, Breeze JL, Trinquart L, Davis JM.","JAMA. 2023 Jul 11;330(2):161-169. doi: 10.1001/jama.2023.9350.","Maron JL","JAMA","2023","2023/07/11","PMC10336625","","10.1001/jama.2023.9350"
"34374722","Trends in Consumption of Ultraprocessed Foods Among US Youths Aged 2-19 Years, 1999-2018","Wang L, Martínez Steele E, Du M, Pomeranz JL, O'Connor LE, Herrick KA, Luo H, Zhang X, Mozaffarian D, Zhang FF.","JAMA. 2021 Aug 10;326(6):519-530. doi: 10.1001/jama.2021.10238.","Wang L","JAMA","2021","2021/08/10","PMC8356071","","10.1001/jama.2021.10238"
"35916846","Association Between Gout Flare and Subsequent Cardiovascular Events Among Patients With Gout","Cipolletta E, Tata LJ, Nakafero G, Avery AJ, Mamas MA, Abhishek A.","JAMA. 2022 Aug 2;328(5):440-450. doi: 10.1001/jama.2022.11390.","Cipolletta E","JAMA","2022","2022/08/02","PMC9346550","","10.1001/jama.2022.11390"
"40272967","Modeling Reemergence of Vaccine-Eliminated Infectious Diseases Under Declining Vaccination in the US","Kiang MV, Bubar KM, Maldonado Y, Hotez PJ, Lo NC.","JAMA. 2025 Jun 24;333(24):2176-2187. doi: 10.1001/jama.2025.6495.","Kiang MV","JAMA","2025","2025/04/24","PMC12022863","","10.1001/jama.2025.6495"
"39693079","2024 Update of the RECOVER-Adult Long COVID Research Index","Geng LN, Erlandson KM, Hornig M, Letts R, Selvaggi C, Ashktorab H, Atieh O, Bartram L, Brim H, Brosnahan SB, Brown J, Castro M, Charney A, Chen P, Deeks SG, Erdmann N, Flaherman VJ, Ghamloush MA, Goepfert P, Goldman JD, Han JE, Hess R, Hirshberg E, Hoover SE, Katz SD, Kelly JD, Klein JD, Krishnan JA, Lee-Iannotti J, Levitan EB, Marconi VC, Metz TD, Modes ME, Nikolich JŽ, Novak RM, Ofotokun I, Okumura MJ, Parthasarathy S, Patterson TF, Peluso MJ, Poppas A, Quintero Cardona O, Scott J, Shellito J, Sherif ZA, Singer NG, Taylor BS, Thaweethai T, Verduzco-Gutierrez M, Wisnivesky J, McComsey GA, Horwitz LI, Foulkes AS; RECOVER Consortium.","JAMA. 2025 Feb 25;333(8):694-700. doi: 10.1001/jama.2024.24184.","Geng LN","JAMA","2025","2024/12/18","PMC11862971","","10.1001/jama.2024.24184"
"39946113","US Abortion Bans and Infant Mortality","Gemmill A, Franks AM, Anjur-Dietrich S, Ozinsky A, Arbour D, Stuart EA, Ben-Michael E, Feller A, Bell SO.","JAMA. 2025 Apr 15;333(15):1315-1323. doi: 10.1001/jama.2024.28517.","Gemmill A","JAMA","2025","2025/02/13","PMC11826430","","10.1001/jama.2024.28517"
"38241060","Severe Hypocalcemia With Denosumab Among Older Female Dialysis-Dependent Patients","Bird ST, Smith ER, Gelperin K, Jung TH, Thompson A, Kambhampati R, Lyu H, Zhao H, Zhao Y, Zhu Y, Easley O, Niak A, Wernecke M, Chillarige Y, Zemskova M, Kelman JA, Graham DJ.","JAMA. 2024 Feb 13;331(6):491-499. doi: 10.1001/jama.2023.28239.","Bird ST","JAMA","2024","2024/01/19","PMC10799290","","10.1001/jama.2023.28239"
"38583175","Clinical Benefit and Regulatory Outcomes of Cancer Drugs Receiving Accelerated Approval","Liu ITT, Kesselheim AS, Cliff ERS.","JAMA. 2024 May 7;331(17):1471-1479. doi: 10.1001/jama.2024.2396.","Liu ITT","JAMA","2024","2024/04/07","PMC11000139","","10.1001/jama.2024.2396"
"37219553","Transcatheter Mitral Valve Repair for Degenerative Mitral Regurgitation","Makkar RR, Chikwe J, Chakravarty T, Chen Q, O'Gara PT, Gillinov M, Mack MJ, Vekstein A, Patel D, Stebbins AL, Gelijns AC, Makar M, Bhatt DL, Kapadia S, Vemulapalli S, Leon MB.","JAMA. 2023 May 23;329(20):1778-1788. doi: 10.1001/jama.2023.7089.","Makkar RR","JAMA","2023","2023/05/23","PMC10208157","","10.1001/jama.2023.7089"
"34477808","Surveillance for Adverse Events After COVID-19 mRNA Vaccination","Klein NP, Lewis N, Goddard K, Fireman B, Zerbo O, Hanson KE, Donahue JG, Kharbanda EO, Naleway A, Nelson JC, Xu S, Yih WK, Glanz JM, Williams JTB, Hambidge SJ, Lewin BJ, Shimabukuro TT, DeStefano F, Weintraub ES.","JAMA. 2021 Oct 12;326(14):1390-1399. doi: 10.1001/jama.2021.15072.","Klein NP","JAMA","2021","2021/09/03","PMC8511971","","10.1001/jama.2021.15072"
"38837131","Mortality and Morbidity in Adults With Rheumatic Heart Disease","Karthikeyan G, Ntsekhe M, Islam S, Rangarajan S, Avezum A, Benz A, Cabral TTJ, Changsheng M, Chillo P, Gonzalez-Hermosillo JA, Gitura B, Damasceno A, Dans AML, Davletov K, Elghamrawy A, ElSayed A, Fana GT, Gondwe L, Haileamlak A, Kayani AM, Lwabi P, Maklady F, Molefe-Baikai OJ, Musuku J, Ogah OS, Paniagua M, Rusingiza E, Sharma SK, Zuhlke L, Connolly S, Yusuf S; INVICTUS Investigators.","JAMA. 2024 Jul 9;332(2):133-140. doi: 10.1001/jama.2024.8258.","Karthikeyan G","JAMA","2024","2024/06/05","PMC11154374","","10.1001/jama.2024.8258"
"35040888","Mortality, In-Hospital Morbidity, Care Practices, and 2-Year Outcomes for Extremely Preterm Infants in the US, 2013-2018","Bell EF, Hintz SR, Hansen NI, Bann CM, Wyckoff MH, DeMauro SB, Walsh MC, Vohr BR, Stoll BJ, Carlo WA, Van Meurs KP, Rysavy MA, Patel RM, Merhar SL, Sánchez PJ, Laptook AR, Hibbs AM, Cotten CM, D'Angio CT, Winter S, Fuller J, Das A; Eunice Kennedy Shriver National Institute of Child Health and Human Development Neonatal Research Network.","JAMA. 2022 Jan 18;327(3):248-263. doi: 10.1001/jama.2021.23580.","Bell EF","JAMA","2022","2022/01/18","PMC8767441","","10.1001/jama.2021.23580"
"38935391","A More Selective vs a Standard Risk-Stratified, Heparin-Based, Obstetric Thromboprophylaxis Protocol","Champion ML, Blanchard CT, Lu MY, Shea AE, Lively AI, Jenkins JM, Howell SE, Lee GM, Casey BM, Battarbee AN, Subramaniam A.","JAMA. 2024 Jul 23;332(4):310-317. doi: 10.1001/jama.2024.8684.","Champion ML","JAMA","2024","2024/06/27","PMC11211987","","10.1001/jama.2024.8684"
"37824112","Red Blood Cell Transfusion in the Intensive Care Unit","Raasveld SJ, de Bruin S, Reuland MC, van den Oord C, Schenk J, Aubron C, Bakker J, Cecconi M, Feldheiser A, Meier J, Müller MCA, Scheeren TWL, McQuilten Z, Flint A, Hamid T, Piagnerelli M, Tomic Mahecic T, Benes J, Russell L, Aguirre-Bermeo H, Triantafyllopoulou K, Chantziara V, Gurjar M, Myatra SN, Pota V, Elhadi M, Gawda R, Mourisco M, Lance M, Neskovic V, Podbregar M, Llau JV, Quintana-Diaz M, Cronhjort M, Pfortmueller CA, Yapici N, Nielsen ND, Shah A, de Grooth HJ, Vlaar APJ; InPUT Study Group.","JAMA. 2023 Nov 21;330(19):1852-1861. doi: 10.1001/jama.2023.20737.","Raasveld SJ","JAMA","2023","2023/10/12","PMC10570913","","10.1001/jama.2023.20737"
"38324409","Time to Treatment With Intravenous Thrombolysis Before Thrombectomy and Functional Outcomes in Acute Ischemic Stroke: A Meta-Analysis","Kaesmacher J, Cavalcante F, Kappelhof M, Treurniet KM, Rinkel L, Liu J, Yan B, Zi W, Kimura K, Eker OF, Zhang Y, Piechowiak EI, van Zwam W, Liu S, Strbian D, Uyttenboogaart M, Dobrocky T, Miao Z, Suzuki K, Zhang L, van Oostenbrugge R, Meinel TR, Guo C, Seiffge D, Yin C, Bütikofer L, Lingsma H, Nieboer D, Yang P, Mitchell P, Majoie C, Fischer U, Roos Y, Gralla J; IRIS Collaborators.","JAMA. 2024 Mar 5;331(9):764-777. doi: 10.1001/jama.2024.0589.","Kaesmacher J","JAMA","2024","2024/02/07","PMC10851137","","10.1001/jama.2024.0589"
"37129655","National Trends in Mental Health-Related Emergency Department Visits Among Youth, 2011-2020","Bommersbach TJ, McKean AJ, Olfson M, Rhee TG.","JAMA. 2023 May 2;329(17):1469-1477. doi: 10.1001/jama.2023.4809.","Bommersbach TJ","JAMA","2023","2023/05/02","PMC10155071","","10.1001/jama.2023.4809"
"40622733","Trends in US Children's Mortality, Chronic Conditions, Obesity, Functional Status, and Symptoms","Forrest CB, Koenigsberg LJ, Eddy Harvey F, Maltenfort MG, Halfon N.","JAMA. 2025 Aug 12;334(6):509-516. doi: 10.1001/jama.2025.9855.","Forrest CB","JAMA","2025","2025/07/07","PMC12235530","","10.1001/jama.2025.9855"
"34762106","Association of Bariatric Surgery With Major Adverse Liver and Cardiovascular Outcomes in Patients With Biopsy-Proven Nonalcoholic Steatohepatitis","Aminian A, Al-Kurd A, Wilson R, Bena J, Fayazzadeh H, Singh T, Albaugh VL, Shariff FU, Rodriguez NA, Jin J, Brethauer SA, Dasarathy S, Alkhouri N, Schauer PR, McCullough AJ, Nissen SE.","JAMA. 2021 Nov 23;326(20):2031-2042. doi: 10.1001/jama.2021.19569.","Aminian A","JAMA","2021","2021/11/11","PMC8587225","","10.1001/jama.2021.19569"
"34546296","A Guideline for Reporting Mediation Analyses of Randomized Trials and Observational Studies: The AGReMA Statement","Lee H, Cashin AG, Lamb SE, Hopewell S, Vansteelandt S, VanderWeele TJ, MacKinnon DP, Mansell G, Collins GS, Golub RM, McAuley JH; AGReMA group; Localio AR, van Amelsvoort L, Guallar E, Rijnhart J, Goldsmith K, Fairchild AJ, Lewis CC, Kamper SJ, Williams CM, Henschke N.","JAMA. 2021 Sep 21;326(11):1045-1056. doi: 10.1001/jama.2021.14075.","Lee H","JAMA","2021","2021/09/21","PMC8974292","NIHMS1788357","10.1001/jama.2021.14075"
"38261044","Cancer Diagnoses After Recent Weight Loss","Wang QL, Babic A, Rosenthal MH, Lee AA, Zhang Y, Zhang X, Song M, Rezende LFM, Lee DH, Biller L, Ng K, Giannakis M, Chan AT, Meyerhardt JA, Fuchs CS, Eliassen AH, Birmann BM, Stampfer MJ, Giovannucci EL, Kraft P, Nowak JA, Yuan C, Wolpin BM.","JAMA. 2024 Jan 23;331(4):318-328. doi: 10.1001/jama.2023.25869.","Wang QL","JAMA","2024","2024/01/23","PMC10807298","","10.1001/jama.2023.25869"
"33904867","Association Between Age at Diabetes Onset and Subsequent Risk of Dementia","Barbiellini Amidei C, Fayosse A, Dumurgier J, Machado-Fragua MD, Tabak AG, van Sloten T, Kivimäki M, Dugravot A, Sabia S, Singh-Manoux A.","JAMA. 2021 Apr 27;325(16):1640-1649. doi: 10.1001/jama.2021.4001.","Barbiellini Amidei C","JAMA","2021","2021/04/27","PMC8080220","","10.1001/jama.2021.4001"
"37721610","Treatment Failure and Adverse Events After Amoxicillin-Clavulanate vs Amoxicillin for Pediatric Acute Sinusitis","Savage TJ, Kronman MP, Sreedhara SK, Lee SB, Oduol T, Huybrechts KF.","JAMA. 2023 Sep 19;330(11):1064-1073. doi: 10.1001/jama.2023.15503.","Savage TJ","JAMA","2023","2023/09/18","PMC10509725","","10.1001/jama.2023.15503"
"38147093","Changes in Hospital Adverse Events and Patient Outcomes Associated With Private Equity Acquisition","Kannan S, Bruch JD, Song Z.","JAMA. 2023 Dec 26;330(24):2365-2375. doi: 10.1001/jama.2023.23147.","Kannan S","JAMA","2023","2023/12/26","PMC10751598","","10.1001/jama.2023.23147"
"39951281","Tracking US Health Care Spending by Health Condition and County","Dieleman JL, Beauchamp M, Crosby SW, DeJarnatt D, Johnson EK, Lescinsky H, McHugh T, Pollock I, Sahu M, Swart V, Taylor KV, Thomson A, Tsakalos G, Weil M, Wilner LB, Bui AL, Duber HC, Haakenstad A, Idrisov B, Mokdad A, Naghavi M, Roth G, Scott JW, Templin T, Murray CJL.","JAMA. 2025 Mar 25;333(12):1051-1061. doi: 10.1001/jama.2024.26790.","Dieleman JL","JAMA","2025","2025/02/14","PMC11829247","","10.1001/jama.2024.26790"
"39745770","Transcriptomic Profiles in Nasal Epithelium and Asthma Endotypes in Youth","Yue M, Gaietto K, Han YY, Rosser FJ, Xu Z, Qoyawayma C, Acosta-Perez E, Canino G, Forno E, Chen W, Celedón JC.","JAMA. 2025 Jan 28;333(4):307-318. doi: 10.1001/jama.2024.22684.","Yue M","JAMA","2025","2025/01/02","PMC11775736","","10.1001/jama.2024.22684"
"36573973","Exome Sequencing of a Clinical Population for Autosomal Dominant Polycystic Kidney Disease","Chang AR, Moore BS, Luo JZ, Sartori G, Fang B, Jacobs S, Abdalla Y, Taher M, Carey DJ, Triffo WJ, Singh G, Mirshahi T.","JAMA. 2022 Dec 27;328(24):2412-2421. doi: 10.1001/jama.2022.22847.","Chang AR","JAMA","2022","2022/12/27","PMC9856880","","10.1001/jama.2022.22847"
"34905031","Association Between Preserved Ratio Impaired Spirometry and Clinical Outcomes in US Adults","Wan ES, Balte P, Schwartz JE, Bhatt SP, Cassano PA, Couper D, Daviglus ML, Dransfield MT, Gharib SA, Jacobs DR Jr, Kalhan R, London SJ, Navas-Acien A, O'Connor GT, Sanders JL, Smith BM, White W, Yende S, Oelsner EC.","JAMA. 2021 Dec 14;326(22):2287-2298. doi: 10.1001/jama.2021.20939.","Wan ES","JAMA","2021","2021/12/14","PMC8672237","","10.1001/jama.2021.20939"
"39196964","Characterizing Long COVID in Children and Adolescents","Gross RS, Thaweethai T, Kleinman LC, Snowden JN, Rosenzweig EB, Milner JD, Tantisira KG, Rhee KE, Jernigan TL, Kinser PA, Salisbury AL, Warburton D, Mohandas S, Wood JC, Newburger JW, Truong DT, Flaherman VJ, Metz TD, Karlson EW, Chibnik LB, Pant DB, Krishnamoorthy A, Gallagher R, Lamendola-Essel MF, Hasson DC, Katz SD, Yin S, Dreyer BP, Carmilani M, Coombs K, Fitzgerald ML, Güthe N, Hornig M, Letts RJ, Peddie AK, Taylor BD, Balaraman V, Bogie A, Bukulmez H, Dozor AJ, Eckrich D, Elliott AJ, Evans DN, Farkas JS, Faustino EVS, Fischer L, Gaur S, Harahsheh AS, Hasan UN, Hsia DS, Huerta-Montañez G, Hummel KD, Kadish MP, Kaelber DC, Krishnan S, Kosut JS, Larrabee J, Lim PPC, Michelow IC, Oliveira CR, Raissy H, Rosario-Pabon Z, Ross JL, Sato AI, Stevenson MD, Talavera-Barber MM, Teufel RJ, Weakley KE, Zimmerman E, Bind MC, Chan J, Guan Z, Morse RE, Reeder HT, Akshoomoff N, Aschner JL, Bhattacharjee R, Cottrell LA, Cowan K, D'Sa VA, Fiks AG, Gennaro ML, Irby K, Khare M, Guttierrez JL, McCulloh RJ, Narang S, Ness-Cochinwala M, Nolan S, Palumbo P, Ryu J, Salazar JC, Selvarangan R, Stein CR, Werzberger A, Zempsky WT, Aupperle R, Baker FC, Banich MT, Barch DM, et al.","JAMA. 2024 Aug 21;332(14):1174-88. doi: 10.1001/jama.2024.12747. Online ahead of print.","Gross RS","JAMA","2024","2024/08/28","PMC11339705","","10.1001/jama.2024.12747"
"38557703","Reducing Hospitalizations and Multidrug-Resistant Organisms via Regional Decolonization in Hospitals and Nursing Homes","Gussin GM, McKinnell JA, Singh RD, Miller LG, Kleinman K, Saavedra R, Tjoa T, Gohil SK, Catuna TD, Heim LT, Chang J, Estevez M, He J, O'Donnell K, Zahn M, Lee E, Berman C, Nguyen J, Agrawal S, Ashbaugh I, Nedelcu C, Robinson PA, Tam S, Park S, Evans KD, Shimabukuro JA, Lee BY, Fonda E, Jernigan JA, Slayton RB, Stone ND, Janssen L, Weinstein RA, Hayden MK, Lin MY, Peterson EM, Bittencourt CE, Huang SS; CDC Safety and Healthcare Epidemiology Prevention Research Development (SHEPheRD) Program.","JAMA. 2024 May 14;331(18):1544-1557. doi: 10.1001/jama.2024.2759.","Gussin GM","JAMA","2024","2024/04/01","PMC10985619","","10.1001/jama.2024.2759"
"33528536","Molecular Diagnostic Yield of Exome Sequencing in Patients With Cerebral Palsy","Moreno-De-Luca A, Millan F, Pesacreta DR, Elloumi HZ, Oetjens MT, Teigen C, Wain KE, Scuffins J, Myers SM, Torene RI, Gainullin VG, Arvai K, Kirchner HL, Ledbetter DH, Retterer K, Martin CL.","JAMA. 2021 Feb 2;325(5):467-475. doi: 10.1001/jama.2020.26148.","Moreno-De-Luca A","JAMA","2021","2021/02/02","PMC7856544","","10.1001/jama.2020.26148"
"40193120","Invasive Group A Streptococcal Infections in 10 US States","Gregory CJ, Okaro JO, Reingold A, Chai S, Herlihy R, Petit S, Farley MM, Harrison LH, Como-Sabetti K, Lynfield R, Snippes Vagnone P, Sosin D, Anderson BJ, Burzlaff K, Martin T, Thomas A, Schaffner W, Talbot HK, Beall B, Chochua S, Chung Y, Park S, Van Beneden C, Li Y, Schrag SJ.","JAMA. 2025 May 6;333(17):1498-1507. doi: 10.1001/jama.2025.0910.","Gregory CJ","JAMA","2025","2025/04/07","PMC11976646","","10.1001/jama.2025.0910"
"35608581","Incidence of Ischemic Stroke in Patients With Asymptomatic Severe Carotid Stenosis Without Surgical Intervention","Chang RW, Tucker LY, Rothenberg KA, Lancaster E, Faruqi RM, Kuang HC, Flint AC, Avins AL, Nguyen-Huynh MN.","JAMA. 2022 May 24;327(20):1974-1982. doi: 10.1001/jama.2022.4835.","Chang RW","JAMA","2022","2022/05/24","PMC9131743","","10.1001/jama.2022.4835"
"41284263","Gestational Weight Gain and Pregnancy Outcomes After GLP-1 Receptor Agonist Discontinuation","Maya J, Pant D, Fu Y, James K, Batlle C, Hsu S, Soria-Contreras DC, Shook LL, Mow C, Hivert MF, Thaweethai T, Powe CE.","JAMA. 2025 Dec 23;334(24):2186-2196. doi: 10.1001/jama.2025.20951.","Maya J","JAMA","2025","2025/11/24","PMC12645404","NIHMS2125309","10.1001/jama.2025.20951"
"39073797","Projected Changes in Statin and Antihypertensive Therapy Eligibility With the AHA PREVENT Cardiovascular Risk Equations","Diao JA, Shi I, Murthy VL, Buckley TA, Patel CJ, Pierson E, Yeh RW, Kazi DS, Wadhera RK, Manrai AK.","JAMA. 2024 Sep 24;332(12):989-1000. doi: 10.1001/jama.2024.12537.","Diao JA","JAMA","2024","2024/07/29","PMC11287447","","10.1001/jama.2024.12537"
"37219552","Coronary Artery Calcium Score and Polygenic Risk Score for the Prediction of Coronary Heart Disease Events","Khan SS, Post WS, Guo X, Tan J, Zhu F, Bos D, Sedaghati-Khayat B, van Rooij J, Aday A, Allen NB, Bos MM, Uitterlinden AG, Budoff MJ, Lloyd-Jones DM, Mosley JD, Rotter JI, Greenland P, Kavousi M.","JAMA. 2023 May 23;329(20):1768-1777. doi: 10.1001/jama.2023.7575.","Khan SS","JAMA","2023","2023/05/23","PMC10208141","","10.1001/jama.2023.7575"
"36215063","Estimated Global Proportions of Individuals With Persistent Fatigue, Cognitive, and Respiratory Symptom Clusters Following Symptomatic COVID-19 in 2020 and 2021","Global Burden of Disease Long COVID Collaborators; Wulf Hanson S, Abbafati C, Aerts JG, Al-Aly Z, Ashbaugh C, Ballouz T, Blyuss O, Bobkova P, Bonsel G, Borzakova S, Buonsenso D, Butnaru D, Carter A, Chu H, De Rose C, Diab MM, Ekbom E, El Tantawi M, Fomin V, Frithiof R, Gamirova A, Glybochko PV, Haagsma JA, Haghjooy Javanmard S, Hamilton EB, Harris G, Heijenbrok-Kal MH, Helbok R, Hellemons ME, Hillus D, Huijts SM, Hultström M, Jassat W, Kurth F, Larsson IM, Lipcsey M, Liu C, Loflin CD, Malinovschi A, Mao W, Mazankova L, McCulloch D, Menges D, Mohammadifard N, Munblit D, Nekliudov NA, Ogbuoji O, Osmanov IM, Peñalvo JL, Petersen MS, Puhan MA, Rahman M, Rass V, Reinig N, Ribbers GM, Ricchiuto A, Rubertsson S, Samitova E, Sarrafzadegan N, Shikhaleva A, Simpson KE, Sinatti D, Soriano JB, Spiridonova E, Steinbeis F, Svistunov AA, Valentini P, van de Water BJ, van den Berg-Emons R, Wallin E, Witzenrath M, Wu Y, Xu H, Zoller T, Adolph C, Albright J, Amlag JO, Aravkin AY, Bang-Jensen BL, Bisignano C, Castellano R, Castro E, Chakrabarti S, Collins JK, Dai X, Daoud F, Dapper C, Deen A, Duncan BB, Erickson M, Ewald SB, Ferrari AJ, Flaxman AD, Fullman N, Gamkrelidze A, Giles JR, Guo G, Hay SI, He J, et al.","JAMA. 2022 Oct 25;328(16):1604-1615. doi: 10.1001/jama.2022.18931.","Global Burden of Disease Long COVID Collaborators","JAMA","2022","2022/10/10","PMC9552043","","10.1001/jama.2022.18931"
"36881031","DNA Sequencing to Detect Residual Disease in Adults With Acute Myeloid Leukemia Prior to Hematopoietic Cell Transplant","Dillon LW, Gui G, Page KM, Ravindra N, Wong ZC, Andrew G, Mukherjee D, Zeger SL, El Chaer F, Spellman S, Howard A, Chen K, Auletta J, Devine SM, Jimenez Jimenez AM, De Lima MJG, Litzow MR, Kebriaei P, Saber W, Weisdorf DJ, Hourigan CS.","JAMA. 2023 Mar 7;329(9):745-755. doi: 10.1001/jama.2023.1363.","Dillon LW","JAMA","2023","2023/03/07","PMC9993183","","10.1001/jama.2023.1363"
"35657620","Association of Bariatric Surgery With Cancer Risk and Mortality in Adults With Obesity","Aminian A, Wilson R, Al-Kurd A, Tu C, Milinovich A, Kroh M, Rosenthal RJ, Brethauer SA, Schauer PR, Kattan MW, Brown JC, Berger NA, Abraham J, Nissen SE.","JAMA. 2022 Jun 28;327(24):2423-2433. doi: 10.1001/jama.2022.9009.","Aminian A","JAMA","2022","2022/06/03","PMC9166218","","10.1001/jama.2022.9009"
"39841442","Polygenic Risk Score Added to Conventional Case Finding to Identify Undiagnosed Chronic Obstructive Pulmonary Disease","Zhang J, Hobbs BD, Silverman EK, Sparrow D, Ortega VE, Xu H, Zhang C, Dupuis J, Walkey AJ, O'Connor GT, Cho MH, Moll M.","JAMA. 2025 Mar 4;333(9):784-792. doi: 10.1001/jama.2024.24212.","Zhang J","JAMA","2025","2025/01/22","PMC11880956","","10.1001/jama.2024.24212"
"39186694","Long-Term Prognosis of Patients With Myocarditis Attributed to COVID-19 mRNA Vaccination, SARS-CoV-2 Infection, or Conventional Etiologies","Semenzato L, Le Vu S, Botton J, Bertrand M, Jabagi MJ, Drouin J, Cuenot F, Zores F, Dray-Spira R, Weill A, Zureik M.","JAMA. 2024 Aug 26;332(16):1367-77. doi: 10.1001/jama.2024.16380. Online ahead of print.","Semenzato L","JAMA","2024","2024/08/26","PMC11348078","","10.1001/jama.2024.16380"
"40227733","Use of Life Support and Outcomes Among Patients Admitted to Intensive Care Units","Moin EE, Seewald NJ, Halpern SD.","JAMA. 2025 May 27;333(20):1793-1803. doi: 10.1001/jama.2025.2163.","Moin EE","JAMA","2025","2025/04/14","PMC11997855","","10.1001/jama.2025.2163"
"34170288","Trends in Prevalence of Diabetes and Control of Risk Factors in Diabetes Among US Adults, 1999-2018","Wang L, Li X, Wang Z, Bancks MP, Carnethon MR, Greenland P, Feng YQ, Wang H, Zhong VW.","JAMA. 2021 Jun 25;326(8):1-13. doi: 10.1001/jama.2021.9883. Online ahead of print.","Wang L","JAMA","2021","2021/06/25","PMC8233946","","10.1001/jama.2021.9883"
"41359314","Prediction of Bacteremia and Bacterial Meningitis Among Febrile Infants Aged 28 Days or Younger","Burstein B, Waterfield T, Umana E, Xie J, Kuppermann N.","JAMA. 2025 Dec 8:e2521454. doi: 10.1001/jama.2025.21454. Online ahead of print.","Burstein B","JAMA","2025","2025/12/08","PMC12687207","","10.1001/jama.2025.21454"
"36871237","Cardiovascular Risk Factor Prevalence, Treatment, and Control in US Adults Aged 20 to 44 Years, 2009 to March 2020","Aggarwal R, Yeh RW, Joynt Maddox KE, Wadhera RK.","JAMA. 2023 Mar 21;329(11):899-909. doi: 10.1001/jama.2023.2307.","Aggarwal R","JAMA","2023","2023/03/05","PMC9986841","","10.1001/jama.2023.2307"
"39946144","US Abortion Bans and Fertility","Bell SO, Franks AM, Arbour D, Anjur-Dietrich S, Stuart EA, Ben-Michael E, Feller A, Gemmill A.","JAMA. 2025 Apr 15;333(15):1324-1332. doi: 10.1001/jama.2024.28527.","Bell SO","JAMA","2025","2025/02/13","PMC11826436","","10.1001/jama.2024.28527"
"34609450","Trends in Cardiovascular Risk Factors in US Adults by Race and Ethnicity and Socioeconomic Status, 1999-2018","He J, Zhu Z, Bundy JD, Dorans KS, Chen J, Hamm LL.","JAMA. 2021 Oct 5;326(13):1286-1298. doi: 10.1001/jama.2021.15187.","He J","JAMA","2021","2021/10/05","PMC8493438","","10.1001/jama.2021.15187"
"36692561","Predictive Accuracy of Stroke Risk Prediction Models Across Black and White Race, Sex, and Age Groups","Hong C, Pencina MJ, Wojdyla DM, Hall JL, Judd SE, Cary M, Engelhard MM, Berchuck S, Xian Y, D'Agostino R Sr, Howard G, Kissela B, Henao R.","JAMA. 2023 Jan 24;329(4):306-317. doi: 10.1001/jama.2022.24683.","Hong C","JAMA","2023","2023/01/24","PMC10408266","","10.1001/jama.2022.24683"
"40029645","Population-Scale Studies of Protein S Abnormalities and Thrombosis","Chaudhry SA, Haj AK, Ryu J, Jurgens SJ, Rodriguez Espada A, Wang X, Choi SH, Sanna-Cherchi S, Grover SP, Bauer KA, Ellinor PT, Bendapudi PK.","JAMA. 2025 Apr 22;333(16):1423-1432. doi: 10.1001/jama.2025.0155.","Chaudhry SA","JAMA","2025","2025/03/03","PMC11877412","","10.1001/jama.2025.0155"
"39504004","Postmarketing Surveillance of Inferior Vena Cava Filters Among US Medicare Beneficiaries: The SAFE-IVC Study","Ferro EG, Mackel JB, Kramer RD, Torguson R, Whatley EM, O'Connell G, Pullin B, Watson NW, Li S, Song Y, Krawisz AK, Carroll BJ, Schermerhorn ML, Weinstein JL, Farb A, Zuckerman B, Yeh RW, Secemsky EA.","JAMA. 2024 Dec 24;332(24):2091-2100. doi: 10.1001/jama.2024.19553.","Ferro EG","JAMA","2024","2024/11/06","PMC11541742","","10.1001/jama.2024.19553"
"34077502","Association of Real-time Continuous Glucose Monitoring With Glycemic Control and Acute Metabolic Events Among Patients With Insulin-Treated Diabetes","Karter AJ, Parker MM, Moffet HH, Gilliam LK, Dlott R.","JAMA. 2021 Jun 8;325(22):2273-2284. doi: 10.1001/jama.2021.6530.","Karter AJ","JAMA","2021","2021/06/02","PMC8173463","","10.1001/jama.2021.6530"
"38900490","A Clinical Diagnostic Test for Calcium Release Deficiency Syndrome","Ni M, Dadon Z, Ormerod JOM, Saenen J, Hoeksema WF, Antiperovitch P, Tadros R, Christiansen MK, Steinberg C, Arnaud M, Tian S, Sun B, Estillore JP, Wang R, Khan HR, Roston TM, Mazzanti A, Giudicessi JR, Siontis KC, Alak A, Acosta JG, Divakara Menon SM, Tan NS, van der Werf C, Nazer B, Vivekanantham H, Pandya T, Cunningham J, Gula LJ, Wong JA, Amit G, Scheinman MM, Krahn AD, Ackerman MJ, Priori SG, Gollob MH, Healey JS, Sacher F, Nof E, Glikson M, Wilde AAM, Watkins H, Jensen HK, Postema PG, Belhassen B, Chen SRW, Roberts JD.","JAMA. 2024 Jul 16;332(3):204-213. doi: 10.1001/jama.2024.8599.","Ni M","JAMA","2024","2024/06/20","PMC11190834","","10.1001/jama.2024.8599"
"39480469","Differences in Drug Shortages in the US and Canada","Tadrous M, Callaway Kim K, Hernandez I, Rothenberger SD, Devine JW, Hershey TB, Maillart LM, Gellad WF, Suda KJ.","JAMA. 2024 Dec 10;332(22):1912-1922. doi: 10.1001/jama.2024.17688.","Tadrous M","JAMA","2024","2024/10/31","PMC11528343","","10.1001/jama.2024.17688"
"38734952","Cardiovascular Burden of the V142I Transthyretin Variant","Selvaraj S, Claggett B, Shah SH, Mentz RJ, Khouri MG, Manichaikul AW, Khan SS, Rich SS, Mosley TH, Levitan EB, Arora P, Goyal P, Haring B, Eaton CB, Cheng RK, Wells GL, Manson JE, Fontana M, Solomon SD.","JAMA. 2024 Jun 4;331(21):1824-1833. doi: 10.1001/jama.2024.4467.","Selvaraj S","JAMA","2024","2024/05/12","PMC11089467","","10.1001/jama.2024.4467"
"37698562","Intracerebral Hemorrhage Among Blood Donors and Their Transfusion Recipients","Zhao J, Rostgaard K, Lauwers E, Dahlén T, Ostrowski SR, Erikstrup C, Pedersen OB, de Strooper B, Lemmens R, Hjalgrim H, Edgren G.","JAMA. 2023 Sep 12;330(10):941-950. doi: 10.1001/jama.2023.14445.","Zhao J","JAMA","2023","2023/09/12","PMC10498336","","10.1001/jama.2023.14445"
"40952748","Individualized Prediction of Platelet Transfusion Outcomes in Preterm Infants With Severe Thrombocytopenia","van der Staaij H, Prosepe I, Caram-Deelder C, Keogh RH, Deschmann E, Dame C, Onland W, Prins SA, Cassel F, d'Haens EJ, van Westering-Kroon E, Andriessen P, Vrancken SL, Hulzebos CV, Vijlbrief DC, Fustolo-Gunnink SF, Fijnvandraat K, Lopriore E, van der Bom JG, van Geloven N.","JAMA. 2025 Oct 14;334(14):1267-1277. doi: 10.1001/jama.2025.14194.","van der Staaij H","JAMA","2025","2025/09/15","PMC12439188","","10.1001/jama.2025.14194"
"40864436","Partial Heart Transplant for Congenital Heart Disease","Overbey DM, Aykut B, Kucera JA, Medina CK, Sethi NJ, Barker PCA, Shea EV, Turek JW.","JAMA. 2025 Sep 23;334(12):1077-1083. doi: 10.1001/jama.2025.13580.","Overbey DM","JAMA","2025","2025/08/27","PMC12457970","","10.1001/jama.2025.13580"
"38349372","Development and Validation of a Risk Score Predicting Death Without Transplant in Adult Heart Transplant Candidates","Zhang KC, Narang N, Jasseron C, Dorent R, Lazenby KA, Belkin MN, Grinstein J, Mayampurath A, Churpek MM, Khush KK, Parker WF.","JAMA. 2024 Feb 13;331(6):500-509. doi: 10.1001/jama.2023.27029.","Zhang KC","JAMA","2024","2024/02/13","PMC10865158","","10.1001/jama.2023.27029"
"38607340","Non-High-Density Lipoprotein Cholesterol Levels From Childhood to Adulthood and Cardiovascular Disease Events","Wu F, Jacobs DR Jr, Daniels SR, Kähönen M, Woo JG, Sinaiko AR, Viikari JSA, Bazzano LA, Steinberger J, Urbina EM, Venn AJ, Raitakari OT, Dwyer T, Juonala M, Magnussen CG.","JAMA. 2024 Jun 4;331(21):1834-1844. doi: 10.1001/jama.2024.4819.","Wu F","JAMA","2024","2024/04/12","PMC11151142","","10.1001/jama.2024.4819"
"33591345","Associations of Maternal Cardiovascular Health in Pregnancy With Offspring Cardiovascular Health in Early Adolescence","Perak AM, Lancki N, Kuang A, Labarthe DR, Allen NB, Shah SH, Lowe LP, Grobman WA, Lawrence JM, Lloyd-Jones DM, Lowe WL Jr, Scholtens DM; HAPO Follow-Up Study Cooperative Research Group.","JAMA. 2021 Feb 16;325(7):658-668. doi: 10.1001/jama.2021.0247.","Perak AM","JAMA","2021","2021/02/16","PMC7887661","","10.1001/jama.2021.0247"
"41206900","Coronary Computed Tomography Angiography in Prediction of First Coronary Events","Bergström G, Engström G, Björnson E, Adiels M, Andersson JSO, Andersson T, Carlhäll CJ, Cederlund K, Erlinge D, Fagman E, Good E, Gummesson A, Hagström E, James S, Janzon M, Katsoularis I, Kuhl J, Löfmark H, Markstad H, Oldgren J, Oskarsson V, Ostenfeld E, Persson A, Pistea A, Rosengren A, Spaak J, Sundström J, Söderberg S, Thunström E, Östgren CJ, Lind L, Jernberg T.","JAMA. 2025 Nov 9:e2521077. doi: 10.1001/jama.2025.21077. Online ahead of print.","Bergström G","JAMA","2025","2025/11/09","PMC12598578","","10.1001/jama.2025.21077"
"35076666","Population-Based Penetrance of Deleterious Clinical Variants","Forrest IS, Chaudhary K, Vy HMT, Petrazzini BO, Bafna S, Jordan DM, Rocheleau G, Loos RJF, Nadkarni GN, Cho JH, Do R.","JAMA. 2022 Jan 25;327(4):350-359. doi: 10.1001/jama.2021.23686.","Forrest IS","JAMA","2022","2022/01/25","PMC8790667","","10.1001/jama.2021.23686"
"39969877","Illicit Substance Use and Treatment Access Among Adults Experiencing Homelessness","Assaf RD, Morris MD, Straus ER, Martinez P, Philbin MM, Kushel M.","JAMA. 2025 Apr 8;333(14):1222-1231. doi: 10.1001/jama.2024.27922.","Assaf RD","JAMA","2025","2025/02/19","PMC11840688","","10.1001/jama.2024.27922"
"39585679","Association of Severe Maternal Morbidity With Subsequent Birth","Tsamantioti E, Sandström A, Lindblad Wollmann C, Snowden JM, Razaz N.","JAMA. 2025 Jan 14;333(2):133-142. doi: 10.1001/jama.2024.20957.","Tsamantioti E","JAMA","2025","2024/11/25","PMC11589858","","10.1001/jama.2024.20957"
"40742582","Impact of the MISSION Act on Quality and Outcomes of Major Cardiovascular Procedures Among Veterans","Wu J, Kanter GP, Wagner TH, Chu D, Cashy JP, Prigge JM, Glorioso TJ, Rahman N, Murali N, Giri J, Nathan AS, Waldo SW, Groeneveld PW.","JAMA. 2025 Aug 26;334(8):702-713. doi: 10.1001/jama.2025.11661.","Wu J","JAMA","2025","2025/07/31","PMC12314774","","10.1001/jama.2025.11661"
"40272810","Trends in Mental Health Diagnoses Among Publicly Insured Children","Cummings JR, Hu X, Marchak J, Ramos C, Graetz I, Ji X.","JAMA. 2025 Jun 10;333(22):1988-1997. doi: 10.1001/jama.2025.4605.","Cummings JR","JAMA","2025","2025/04/24","PMC12022859","","10.1001/jama.2025.4605"
"39969893","Emergency Clinician Buprenorphine Initiation, Subsequent Prescriptions, and Continuous Prescriptions","Dekker AM, Schriger DL, Herring AA, Samuels EA.","JAMA. 2025 Apr 8;333(14):1232-1241. doi: 10.1001/jama.2024.27976.","Dekker AM","JAMA","2025","2025/02/19","PMC11840682","","10.1001/jama.2024.27976"
"40293760","Long-Term Spending of Accountable Care Organizations in the Medicare Shared Savings Program","Bond AM, Civelek Y, Schpero WL, Casalino LP, Zhang M, Pierre R, Khullar D.","JAMA. 2025 Jun 3;333(21):1897-1905. doi: 10.1001/jama.2025.3870.","Bond AM","JAMA","2025","2025/04/28","PMC12038717","","10.1001/jama.2025.3870"
"34283184","Medical Debt in the US, 2009-2020","Kluender R, Mahoney N, Wong F, Yin W.","JAMA. 2021 Jul 20;326(3):250-256. doi: 10.1001/jama.2021.8694.","Kluender R","JAMA","2021","2021/07/20","PMC8293024","","10.1001/jama.2021.8694"
"38319332","Neonatal Outcomes After COVID-19 Vaccination in Pregnancy","Norman M, Magnus MC, Söderling J, Juliusson PB, Navér L, Örtqvist AK, Håberg S, Stephansson O.","JAMA. 2024 Feb 6;331(5):396-407. doi: 10.1001/jama.2023.26945.","Norman M","JAMA","2024","2024/02/06","PMC10848052","","10.1001/jama.2023.26945"
"41206967","Familial Hypercholesterolemia Screening in Childhood and Early Adulthood: A Cost-Effectiveness Study","Bellows BK, Zhang Y, Ruiz-Negrón N, Kazi DS, Khera AV, Woo JG, Urbina EM, Jacobs DR Jr, Allen NB, Wong JB, de Ferranti SD, Moran AE.","JAMA. 2025 Nov 9:e2520648. doi: 10.1001/jama.2025.20648. Online ahead of print.","Bellows BK","JAMA","2025","2025/11/09","PMC12598584","","10.1001/jama.2025.20648"
"41428474","Nirsevimab vs RSVpreF Vaccine for Respiratory Syncytial Virus-Related Hospitalization in Newborns","Jabagi MJ, Bertrand M, Gabet A, Kolla E, Olié V, Zureik M.","JAMA. 2025 Dec 22:e2524082. doi: 10.1001/jama.2025.24082. Online ahead of print.","Jabagi MJ","JAMA","2025","2025/12/22","PMC12723599","","10.1001/jama.2025.24082"
"37367977","Transgender Identity and Suicide Attempts and Mortality in Denmark","Erlangsen A, Jacobsen AL, Ranning A, Delamare AL, Nordentoft M, Frisch M.","JAMA. 2023 Jun 27;329(24):2145-2153. doi: 10.1001/jama.2023.8627.","Erlangsen A","JAMA","2023","2023/06/27","PMC10300682","","10.1001/jama.2023.8627"
"40522635","Life Expectancy of American Indian and Alaska Native Persons and Underreporting of Mortality in Vital Statistics","Bor J, Bird M, Hakes JK, Himmelstein DU, Himmelstein G, Woolhandler S.","JAMA. 2025 Jul 15;334(3):243-252. doi: 10.1001/jama.2025.8126.","Bor J","JAMA","2025","2025/06/16","","","10.1001/jama.2025.8126"
"40014313","Medicaid Spending and Health-Related Social Needs in the North Carolina Healthy Opportunities Pilots Program","Berkowitz SA, Archibald J, Yu Z, LaPoint M, Ali S, Vu MB, Dave G, Flower KB, Domino ME.","JAMA. 2025 Feb 27;333(12):1041-50. doi: 10.1001/jama.2025.1042. Online ahead of print.","Berkowitz SA","JAMA","2025","2025/02/27","PMC11869083","","10.1001/jama.2025.1042"
"38703403","Racial and Ethnic Disparities in All-Cause and Cause-Specific Mortality Among US Youth","Wolf ER, Rivara FP, Orr CJ, Sen A, Chapman DA, Woolf SH.","JAMA. 2024 May 28;331(20):1732-1740. doi: 10.1001/jama.2024.3908.","Wolf ER","JAMA","2024","2024/05/04","PMC11070063","","10.1001/jama.2024.3908"
"37682551","SARS-CoV-2 Infection and Development of Islet Autoimmunity in Early Childhood","Lugar M, Eugster A, Achenbach P, von dem Berge T, Berner R, Besser REJ, Casteels K, Elding Larsson H, Gemulla G, Kordonouri O, Lindner A, Lundgren M, Müller D, Oltarzewski M, Rochtus A, Scholz M, Szypowska A, Todd JA, Ziegler AG, Bonifacio E; GPPAD Study Group.","JAMA. 2023 Sep 26;330(12):1151-1160. doi: 10.1001/jama.2023.16348.","Lugar M","JAMA","2023","2023/09/08","PMC10523173","","10.1001/jama.2023.16348"
"37750879","Induced Abortion and the Risk of Rh Sensitization","Horvath S, Huang ZY, Koelper NC, Martinez C, Tsao PY, Zhao L, Goldberg AB, Hannum C, Putt ME, Luning Prak ET, Schreiber CA.","JAMA. 2023 Sep 26;330(12):1167-1174. doi: 10.1001/jama.2023.16953.","Horvath S","JAMA","2023","2023/09/26","PMC10524155","","10.1001/jama.2023.16953"
"38913394","Comparison of No-Test Telehealth and In-Person Medication Abortion","Ralph LJ, Baba CF, Biggs MA, McNicholas C, Hagstrom Miller A, Grossman D.","JAMA. 2024 Sep 17;332(11):898-905. doi: 10.1001/jama.2024.10680.","Ralph LJ","JAMA","2024","2024/06/24","PMC11197442","","10.1001/jama.2024.10680"
"38869887","Association Between Cost Sharing and Naloxone Prescription Dispensing","Chua KP, Conti RM, Lagisetty P, Bohnert AS, He S, Nguyen TD.","JAMA. 2024 Jul 9;332(2):124-132. doi: 10.1001/jama.2024.8378.","Chua KP","JAMA","2024","2024/06/13","PMC11177218","","10.1001/jama.2024.8378"
"36701144","Household Transmission of Influenza A Viruses in 2021-2022","Rolfes MA, Talbot HK, McLean HQ, Stockwell MS, Ellingson KD, Lutrick K, Bowman NM, Bendall EE, Bullock A, Chappell JD, Deyoe JE, Gilbert J, Halasa NB, Hart KE, Johnson S, Kim A, Lauring AS, Lin JT, Lindsell CJ, McLaren SH, Meece JK, Mellis AM, Moreno Zivanovich M, Ogokeh CE, Rodriguez M, Sano E, Silverio Francisco RA, Schmitz JE, Vargas CY, Yang A, Zhu Y, Belongia EA, Reed C, Grijalva CG.","JAMA. 2023 Feb 14;329(6):482-489. doi: 10.1001/jama.2023.0064.","Rolfes MA","JAMA","2023","2023/01/26","PMC9880862","","10.1001/jama.2023.0064"
"36255428","Prescription Drug Spending in Fee-for-Service Medicare, 2008-2019","Dusetzina SB, Huskamp HA, Qin X, Keating NL.","JAMA. 2022 Oct 18;328(15):1515-1522. doi: 10.1001/jama.2022.17825.","Dusetzina SB","JAMA","2022","2022/10/18","PMC9579917","","10.1001/jama.2022.17825"
"38411645","Changes in Health Care Workers' Economic Outcomes Following Medicaid Expansion","Matta S, Chatterjee P, Venkataramani AS.","JAMA. 2024 Feb 27;331(8):687-695. doi: 10.1001/jama.2023.27014.","Matta S","JAMA","2024","2024/02/27","PMC10900969","","10.1001/jama.2023.27014"
"37490084","Trends in Cardiovascular Health Counseling Among Postpartum Individuals","Cameron NA, Yee LM, Dolan BM, O'Brien MJ, Greenland P, Khan SS.","JAMA. 2023 Jul 25;330(4):359-367. doi: 10.1001/jama.2023.11210.","Cameron NA","JAMA","2023","2023/07/25","PMC10369213","","10.1001/jama.2023.11210"
"38502075","Stroke Risk After COVID-19 Bivalent Vaccination Among US Older Adults","Lu Y, Matuska K, Nadimpalli G, Ma Y, Duma N, Zhang HT, Chiang Y, Lyu H, Chillarige Y, Kelman JA, Forshee RA, Anderson SA.","JAMA. 2024 Mar 19;331(11):938-950. doi: 10.1001/jama.2024.1059.","Lu Y","JAMA","2024","2024/03/19","PMC10951737","","10.1001/jama.2024.1059"
"37526720","Longitudinal Follow-Up of Participants With Tobacco Exposure and Preserved Spirometry","McKleroy W, Shing T, Anderson WH, Arjomandi M, Awan HA, Barjaktarevic I, Barr RG, Bleecker ER, Boscardin J, Bowler RP, Buhr RG, Criner GJ, Comellas AP, Curtis JL, Dransfield M, Doerschuk CM, Dolezal BA, Drummond MB, Han MK, Hansel NN, Helton K, Hoffman EA, Kaner RJ, Kanner RE, Krishnan JA, Lazarus SC, Martinez FJ, Ohar J, Ortega VE, Paine R 3rd, Peters SP, Reinhardt JM, Rennard S, Smith BM, Tashkin DP, Couper D, Cooper CB, Woodruff PG.","JAMA. 2023 Aug 1;330(5):442-453. doi: 10.1001/jama.2023.11676.","McKleroy W","JAMA","2023","2023/08/01","PMC10394572","","10.1001/jama.2023.11676"
"36749334","Association Between Drug Characteristics and Manufacturer Spending on Direct-to-Consumer Advertising","DiStefano MJ, Markell JM, Doherty CC, Alexander GC, Anderson GF.","JAMA. 2023 Feb 7;329(5):386-392. doi: 10.1001/jama.2022.23968.","DiStefano MJ","JAMA","2023","2023/02/07","PMC10408265","","10.1001/jama.2022.23968"
"38497697","Examining Excess Mortality Associated With the COVID-19 Pandemic for Renters Threatened With Eviction","Graetz N, Hepburn P, Gershenson C, Porter SR, Sandler DH, Lemmerman E, Desmond M.","JAMA. 2024 Feb 20;331(7):592-600. doi: 10.1001/jama.2023.27005.","Graetz N","JAMA","2024","2024/03/18","PMC10879945","","10.1001/jama.2023.27005"
"38261045","Anxiety and Depression Symptoms After the Dobbs Abortion Decision","Thornburg B, Kennedy-Hendricks A, Rosen JD, Eisenberg MD.","JAMA. 2024 Jan 23;331(4):294-301. doi: 10.1001/jama.2023.25599.","Thornburg B","JAMA","2024","2024/01/23","PMC10807253","","10.1001/jama.2023.25599"
"40991296","Insurance Dynamics During Childhood in the Fragmented US Health System","Shen Y, Sommers BD, Hatfield LA, Hayes C, Pandya A, Menzies NA.","JAMA. 2025 Nov 4;334(17):1533-1540. doi: 10.1001/jama.2025.15488.","Shen Y","JAMA","2025","2025/09/24","PMC12461604","","10.1001/jama.2025.15488"
"37462705","State Public Insurance Coverage Policies and Postpartum Care Among Immigrants","Steenland MW, Fabi RE, Bellerose M, Desir A, White MS, Wherry LR.","JAMA. 2023 Jul 18;330(3):238-246. doi: 10.1001/jama.2023.10249.","Steenland MW","JAMA","2023","2023/07/18","PMC10354679","","10.1001/jama.2023.10249"
"38662342","Disparities in Mortality by Sexual Orientation in a Large, Prospective Cohort of Female Nurses","McKetta S, Hoatson T, Hughes LD, Everett BG, Haneuse S, Austin SB, Hughes TL, Charlton BM.","JAMA. 2024 May 21;331(19):1638-1645. doi: 10.1001/jama.2024.4459.","McKetta S","JAMA","2024","2024/04/25","PMC11046401","","10.1001/jama.2024.4459"
"39441575","Dialysis Facility Staffing Ratios and Kidney Transplant Access Among Adolescents and Young Adults","Bicki AC, Grimes B, McCulloch CE, Copeland TP, Ku E.","JAMA. 2024 Dec 17;332(23):2003-2013. doi: 10.1001/jama.2024.18210.","Bicki AC","JAMA","2024","2024/10/23","PMC11500013","","10.1001/jama.2024.18210"
"36272098","Viral Shedding 1 Year Following First-Episode Genital HSV-1 Infection","Johnston C, Magaret A, Son H, Stern M, Rathbun M, Renner D, Szpara M, Gunby S, Ott M, Jing L, Campbell VL, Huang ML, Selke S, Jerome KR, Koelle DM, Wald A.","JAMA. 2022 Nov 1;328(17):1730-1739. doi: 10.1001/jama.2022.19061.","Johnston C","JAMA","2022","2022/10/22","PMC9588168","","10.1001/jama.2022.19061"
"35797033","Changes in the Relationship Between Income and Life Expectancy Before and During the COVID-19 Pandemic, California, 2015-2021","Schwandt H, Currie J, von Wachter T, Kowarski J, Chapman D, Woolf SH.","JAMA. 2022 Jul 26;328(4):360-366. doi: 10.1001/jama.2022.10952.","Schwandt H","JAMA","2022","2022/07/07","PMC9264223","","10.1001/jama.2022.10952"
"34402828","Association of Race and Ethnicity and Medicare Program Type With Ambulatory Care Access and Quality Measures","Johnston KJ, Hammond G, Meyers DJ, Joynt Maddox KE.","JAMA. 2021 Aug 17;326(7):628-636. doi: 10.1001/jama.2021.10413.","Johnston KJ","JAMA","2021","2021/08/17","PMC8371568","","10.1001/jama.2021.10413"
"37750880","Suicide Risks of Health Care Workers in the US","Olfson M, Cosgrove CM, Wall MM, Blanco C.","JAMA. 2023 Sep 26;330(12):1161-1166. doi: 10.1001/jama.2023.15787.","Olfson M","JAMA","2023","2023/09/26","PMC10523169","","10.1001/jama.2023.15787"
"36809323","Association of African Ancestry-Specific APOE Missense Variant R145C With Risk of Alzheimer Disease","Le Guen Y, Raulin AC, Logue MW, Sherva R, Belloy ME, Eger SJ, Chen A, Kennedy G, Kuchenbecker L, O'Leary JP, Zhang R, Merritt VC, Panizzon MS, Hauger RL, Gaziano JM, Bu G, Thornton TA, Farrer LA, Napolioni V, He Z, Greicius MD.","JAMA. 2023 Feb 21;329(7):551-560. doi: 10.1001/jama.2023.0268.","Le Guen Y","JAMA","2023","2023/02/22","PMC9945061","","10.1001/jama.2023.0268"
"38536161","Health Equity Adjustment and Hospital Performance in the Medicare Value-Based Purchasing Program","Liu M, Sandhu S, Joynt Maddox KE, Wadhera RK.","JAMA. 2024 Apr 23;331(16):1387-1396. doi: 10.1001/jama.2024.2440.","Liu M","JAMA","2024","2024/03/27","PMC10974683","","10.1001/jama.2024.2440"
"35315886","Association of Neonatal Hypoglycemia With Academic Performance in Mid-Childhood","Shah R, Dai DWT, Alsweiler JM, Brown GTL, Chase JG, Gamble GD, Harris DL, Keegan P, Nivins S, Wouldes TA, Thompson B, Turuwhenua J, Harding JE, McKinlay CJD; Children With Hypoglycaemia and Their Later Development (CHYLD) Study Team.","JAMA. 2022 Mar 22;327(12):1158-1170. doi: 10.1001/jama.2022.0992.","Shah R","JAMA","2022","2022/03/22","PMC8941348","","10.1001/jama.2022.0992"
"38497822","Neuroimaging Findings in US Government Personnel and Their Family Members Involved in Anomalous Health Incidents","Pierpaoli C, Nayak A, Hafiz R, Irfanoglu MO, Chen G, Taylor P, Hallett M, Hoa M, Pham D, Chou YY, Moses AD, van der Merwe AJ, Lippa SM, Brewer CC, Zalewski CK, Zampieri C, Turtzo LC, Shahim P, Chan L; NIH AHI Intramural Research Program Team; Moore B, Stamps L, Flynn S, Fontana J, Tata S, Lo J, Fernandez MA, Lori-Joseph A, Matsubara J, Goldberg J, Nguyen TD, Sasson N, Lely J, Smith B, King KA, Chisholm J, Christensen J, Magone MT, Cousineau-Krieger C, French LM, Yonter S, Attaripour S, Lai C.","JAMA. 2024 Apr 2;331(13):1122-1134. doi: 10.1001/jama.2024.2424.","Pierpaoli C","JAMA","2024","2024/03/18","PMC10949155","","10.1001/jama.2024.2424"
"36255426","Association of mRNA Vaccination With Clinical and Virologic Features of COVID-19 Among US Essential and Frontline Workers","HEROES-RECOVER Network; Thompson MG, Yoon SK, Naleway AL, Meece J, Fabrizio TP, Caban-Martinez AJ, Burgess JL, Gaglani M, Olsho LEW, Bateman A, Lundgren J, Grant L, Phillips AL, Groom HC, Stefanski E, Solle NS, Ellingson K, Lutrick K, Dunnigan K, Wesley MG, Guenther K, Hunt A, Mak J, Hegmann KT, Kuntz JL, Bissonnette A, Hollister J, Rose S, Morrill TC, Respet K, Fowlkes AL, Thiese MS, Rivers P, Herring MK, Odean MJ, Yoo YM, Brunner M, Bedrick EJ, Fleary DE, Jones JT, Praggastis J, Romine J, Dickerson M, Khan SM, Lamberte JM, Beitel S, Webby RJ, Tyner HL.","JAMA. 2022 Oct 18;328(15):1523-1533. doi: 10.1001/jama.2022.18550.","HEROES-RECOVER Network","JAMA","2022","2022/10/18","PMC9579910","","10.1001/jama.2022.18550"
"35323842","Association of COVID-19 Vaccination in Pregnancy With Adverse Peripartum Outcomes","Fell DB, Dhinsa T, Alton GD, Török E, Dimanlig-Cruz S, Regan AK, Sprague AE, Buchan SA, Kwong JC, Wilson SE, Håberg SE, Gravel CA, Wilson K, El-Chaâr D, Walker MC, Barrett J, MacDonald SE, Okun N, Shah PS, Dougan SD, Dunn S, Bisnaire L.","JAMA. 2022 Apr 19;327(15):1478-1487. doi: 10.1001/jama.2022.4255.","Fell DB","JAMA","2022","2022/03/24","PMC8949767","","10.1001/jama.2022.4255"
"34734975","Association Between mRNA Vaccination and COVID-19 Hospitalization and Disease Severity","Tenforde MW, Self WH, Adams K, Gaglani M, Ginde AA, McNeal T, Ghamande S, Douin DJ, Talbot HK, Casey JD, Mohr NM, Zepeski A, Shapiro NI, Gibbs KW, Files DC, Hager DN, Shehu A, Prekker ME, Erickson HL, Exline MC, Gong MN, Mohamed A, Henning DJ, Steingrub JS, Peltan ID, Brown SM, Martin ET, Monto AS, Khan A, Hough CL, Busse LW, Ten Lohuis CC, Duggal A, Wilson JG, Gordon AJ, Qadir N, Chang SY, Mallow C, Rivas C, Babcock HM, Kwon JH, Halasa N, Chappell JD, Lauring AS, Grijalva CG, Rice TW, Jones ID, Stubblefield WB, Baughman A, Womack KN, Rhoads JP, Lindsell CJ, Hart KW, Zhu Y, Olson SM, Kobayashi M, Verani JR, Patel MM; Influenza and Other Viruses in the Acutely Ill (IVY) Network.","JAMA. 2021 Nov 23;326(20):2043-2054. doi: 10.1001/jama.2021.19499.","Tenforde MW","JAMA","2021","2021/11/04","PMC8569602","","10.1001/jama.2021.19499"
"35438728","Association of Race and Ethnicity With Incidence of Dementia Among Older Adults","Kornblith E, Bahorik A, Boscardin WJ, Xia F, Barnes DE, Yaffe K.","JAMA. 2022 Apr 19;327(15):1488-1495. doi: 10.1001/jama.2022.3550.","Kornblith E","JAMA","2022","2022/04/19","PMC9020215","","10.1001/jama.2022.3550"
"33821897","Antimicrobial Use in a Cohort of US Nursing Homes, 2017","Thompson ND, Stone ND, Brown CJ, Penna AR, Eure TR, Bamberg WM, Barney GR, Barter D, Clogher P, DeSilva MB, Dumyati G, Frank L, Felsen CB, Godine D, Irizarry L, Kainer MA, Li L, Lynfield R, Mahoehney JP, Maloney M, Nadle J, Ocampo VLS, Pierce R, Ray SM, Davis SS, Sievers M, Srinivasan K, Wilson LE, Zhang AY, Magill SS.","JAMA. 2021 Apr 6;325(13):1286-1295. doi: 10.1001/jama.2021.2900.","Thompson ND","JAMA","2021","2021/04/06","PMC8025112","","10.1001/jama.2021.2900"
"35258534","Association of Tropical Cyclones With County-Level Mortality in the US","Parks RM, Benavides J, Anderson GB, Nethery RC, Navas-Acien A, Dominici F, Ezzati M, Kioumourtzoglou MA.","JAMA. 2022 Mar 8;327(10):946-955. doi: 10.1001/jama.2022.1682.","Parks RM","JAMA","2022","2022/03/08","PMC8905400","","10.1001/jama.2022.1682"
"35230393","Association of Acute Respiratory Failure in Early Childhood With Long-term Neurocognitive Outcomes","Watson RS, Beers SR, Asaro LA, Burns C, Koh MJ, Perry MA, Angus DC, Wypij D, Curley MAQ; RESTORE-Cognition Investigators.","JAMA. 2022 Mar 1;327(9):836-845. doi: 10.1001/jama.2022.1480.","Watson RS","JAMA","2022","2022/03/01","PMC8889465","","10.1001/jama.2022.1480"
"35819424","Trends in Adverse Event Rates in Hospitalized Patients, 2010-2019","Eldridge N, Wang Y, Metersky M, Eckenrode S, Mathew J, Sonnenfeld N, Perdue-Puli J, Hunt D, Brady PJ, McGann P, Grace E, Rodrick D, Drye E, Krumholz HM.","JAMA. 2022 Jul 12;328(2):173-183. doi: 10.1001/jama.2022.9600.","Eldridge N","JAMA","2022","2022/07/12","PMC9277501","","10.1001/jama.2022.9600"
"38709542","Associations of Internal Medicine Residency Milestone Ratings and Certification Examination Scores With Patient Outcomes","Gray BM, Vandergrift JL, Stevens JP, Lipner RS, McDonald FS, Landon BE.","JAMA. 2024 Jul 23;332(4):300-309. doi: 10.1001/jama.2024.5268.","Gray BM","JAMA","2024","2024/05/06","PMC11074932","","10.1001/jama.2024.5268"
"36976279","Pediatric Mental Health Hospitalizations at Acute Care Hospitals in the US, 2009-2019","Arakelyan M, Freyleue S, Avula D, McLaren JL, O'Malley AJ, Leyenaar JK.","JAMA. 2023 Mar 28;329(12):1000-1011. doi: 10.1001/jama.2023.1992.","Arakelyan M","JAMA","2023","2023/03/28","PMC10051095","","10.1001/jama.2023.1992"
"38100460","The Comprehensive Primary Care Plus Model and Health Care Spending, Service Use, and Quality","Singh P, Fu N, Dale S, Orzol S, Laird J, Markovitz A, Shin E, O'Malley AS, McCall N, Day TJ.","JAMA. 2024 Jan 9;331(2):132-146. doi: 10.1001/jama.2023.24712.","Singh P","JAMA","2024","2023/12/15","PMC10777250","","10.1001/jama.2023.24712"
"36573975","Association of Family Income With Morbidity and Mortality Among US Lower-Income Children and Adolescents","Udalova V, Bhatia V, Polyakova M.","JAMA. 2022 Dec 27;328(24):2422-2430. doi: 10.1001/jama.2022.22778.","Udalova V","JAMA","2022","2022/12/27","PMC9857424","","10.1001/jama.2022.22778"
"35323851","Association of SARS-CoV-2 Vaccination During Pregnancy With Pregnancy Outcomes","Magnus MC, Örtqvist AK, Dahlqwist E, Ljung R, Skår F, Oakley L, Macsali F, Pasternak B, Gjessing HK, Håberg SE, Stephansson O.","JAMA. 2022 Apr 19;327(15):1469-1477. doi: 10.1001/jama.2022.3271.","Magnus MC","JAMA","2022","2022/03/24","PMC8949721","","10.1001/jama.2022.3271"
"33914014","Association of Maternal SARS-CoV-2 Infection in Pregnancy With Neonatal Outcomes","Norman M, Navér L, Söderling J, Ahlberg M, Hervius Askling H, Aronsson B, Byström E, Jonsson J, Sengpiel V, Ludvigsson JF, Håkansson S, Stephansson O.","JAMA. 2021 May 25;325(20):2076-2086. doi: 10.1001/jama.2021.5775.","Norman M","JAMA","2021","2021/04/29","PMC8085767","","10.1001/jama.2021.5775"
"36853249","Association of Evaluation and Management Payment Policy Changes With Medicare Payment to Physicians by Specialty","Neprash HT, Golberstein E, Ganguli I, Chernew ME.","JAMA. 2023 Feb 28;329(8):662-669. doi: 10.1001/jama.2023.0879.","Neprash HT","JAMA","2023","2023/02/28","PMC9975918","","10.1001/jama.2023.0879"
"36809322","History of Low Hourly Wage and All-Cause Mortality Among Middle-aged Workers","Kezios KL, Lu P, Calonico S, Al Hazzouri AZ.","JAMA. 2023 Feb 21;329(7):561-573. doi: 10.1001/jama.2023.0367.","Kezios KL","JAMA","2023","2023/02/22","PMC9945122","","10.1001/jama.2023.0367"
"35230394","Association Between Increased Dispensing of Opioid Agonist Therapy Take-Home Doses and Opioid Overdose and Treatment Interruption and Discontinuation","Gomes T, Campbell TJ, Kitchen SA, Garg R, Bozinoff N, Men S, Tadrous M, Munro C, Antoniou T, Werb D, Wyman J.","JAMA. 2022 Mar 1;327(9):846-855. doi: 10.1001/jama.2022.1271.","Gomes T","JAMA","2022","2022/03/01","PMC8889466","","10.1001/jama.2022.1271"
"39292453","Malaria Rapid Tests, Febrile Illness Management, and Child Mortality Across Sub-Saharan African Countries","Zhang H, Fink G, Cohen J.","JAMA. 2024 Oct 15;332(15):1270-1281. doi: 10.1001/jama.2024.12589.","Zhang H","JAMA","2024","2024/09/18","PMC12551752","","10.1001/jama.2024.12589"
"33946100","α2-Adrenergic Agonists or Stimulants for Preschool-Age Children With Attention-Deficit/Hyperactivity Disorder","Harstad E, Shults J, Barbaresi W, Bax A, Cacia J, Deavenport-Saman A, Friedman S, LaRosa A, Loe IM, Mittal S, Tulio S, Vanderbilt D, Blum NJ.","JAMA. 2021 May 25;325(20):2067-2075. doi: 10.1001/jama.2021.6118.","Harstad E","JAMA","2021","2021/05/04","PMC8097628","","10.1001/jama.2021.6118"
"36625811","Association Between Regulatory Submission Characteristics and Recalls of Medical Devices Receiving 510(k) Clearance","Everhart AO, Sen S, Stern AD, Zhu Y, Karaca-Mandic P.","JAMA. 2023 Jan 10;329(2):144-156. doi: 10.1001/jama.2022.22974.","Everhart AO","JAMA","2023","2023/01/10","PMC9857565","","10.1001/jama.2022.22974"
"36594946","Association of Race and Ethnicity With Initial Prescription of Antiretroviral Therapy Among People With HIV in the US","Zalla LC, Cole SR, Eron JJ, Adimora AA, Vines AI, Althoff KN, Silverberg MJ, Horberg MA, Marconi VC, Coburn SB, Lang R, Williams EC, Gill MJ, Gebo KA, Klein M, Sterling TR, Rebeiro PF, Mayor AM, Moore RD, Edwards JK.","JAMA. 2023 Jan 3;329(1):52-62. doi: 10.1001/jama.2022.23617.","Zalla LC","JAMA","2023","2023/01/03","PMC9856806","","10.1001/jama.2022.23617"
"34100870","Association of Maternal Influenza Vaccination During Pregnancy With Early Childhood Health Outcomes","Mehrabadi A, Dodds L, MacDonald NE, Top KA, Benchimol EI, Kwong JC, Ortiz JR, Sprague AE, Walsh LK, Wilson K, Fell DB.","JAMA. 2021 Jun 8;325(22):2285-2293. doi: 10.1001/jama.2021.6778.","Mehrabadi A","JAMA","2021","2021/06/08","PMC8188273","","10.1001/jama.2021.6778"
"33729425","Four-Month Clinical Status of a Cohort of Patients After Hospitalization for COVID-19","Writing Committee for the COMEBAC Study Group; Morin L, Savale L, Pham T, Colle R, Figueiredo S, Harrois A, Gasnier M, Lecoq AL, Meyrignac O, Noel N, Baudry E, Bellin MF, Beurnier A, Choucha W, Corruble E, Dortet L, Hardy-Leger I, Radiguer F, Sportouch S, Verny C, Wyplosz B, Zaidan M, Becquemont L, Montani D, Monnet X.","JAMA. 2021 Apr 20;325(15):1525-1534. doi: 10.1001/jama.2021.3331.","Writing Committee for the COMEBAC Study Group","JAMA","2021","2021/03/17","PMC7970386","","10.1001/jama.2021.3331"
"34581738","Association of Labor Epidural Analgesia With Autism Spectrum Disorder in Children","Mikkelsen AP, Greiber IK, Scheller NM, Lidegaard Ø.","JAMA. 2021 Sep 28;326(12):1170-1177. doi: 10.1001/jama.2021.12655.","Mikkelsen AP","JAMA","2021","2021/09/28","PMC8479581","","10.1001/jama.2021.12655"
"33983379","Immunogenicity of COVID-19 mRNA Vaccines in Pregnant and Lactating Women","Collier AY, McMahan K, Yu J, Tostanoski LH, Aguayo R, Ansel J, Chandrashekar A, Patel S, Apraku Bondzie E, Sellers D, Barrett J, Sanborn O, Wan H, Chang A, Anioke T, Nkolola J, Bradshaw C, Jacob-Dolan C, Feldman J, Gebre M, Borducchi EN, Liu J, Schmidt AG, Suscovich T, Linde C, Alter G, Hacker MR, Barouch DH.","JAMA. 2021 Jun 15;325(23):2370-2380. doi: 10.1001/jama.2021.7563.","Collier AY","JAMA","2021","2021/05/13","PMC8120446","","10.1001/jama.2021.7563"
"36066519","Association of Race and Ethnicity With Prescription of SGLT2 Inhibitors and GLP1 Receptor Agonists Among Patients With Type 2 Diabetes in the Veterans Health Administration System","Lamprea-Montealegre JA, Madden E, Tummalapalli SL, Peralta C, Neilands TB, Garcia PK, Muiru A, Karliner L, Shlipak MG, Estrella MM.","JAMA. 2022 Sep 6;328(9):861-871. doi: 10.1001/jama.2022.13885.","Lamprea-Montealegre JA","JAMA","2022","2022/09/06","PMC9449794","","10.1001/jama.2022.13885"
"36917063","Medicare Advantage Enrollment Among Beneficiaries With End-Stage Renal Disease in the First Year of the 21st Century Cures Act","Nguyen KH, Oh EG, Meyers DJ, Kim D, Mehrotra R, Trivedi AN.","JAMA. 2023 Mar 14;329(10):810-818. doi: 10.1001/jama.2023.1426.","Nguyen KH","JAMA","2023","2023/03/14","PMC10015314","","10.1001/jama.2023.1426"
"36786790","Discriminative Accuracy of the CAPTURE Tool for Identifying Chronic Obstructive Pulmonary Disease in US Primary Care Settings","Martinez FJ, Han MK, Lopez C, Murray S, Mannino D, Anderson S, Brown R, Dolor R, Elder N, Joo M, Khan I, Knox LM, Meldrum C, Peters E, Spino C, Tapp H, Thomashow B, Zittleman L, Make B, Yawn BP; CAPTURE Study Group.","JAMA. 2023 Feb 14;329(6):490-501. doi: 10.1001/jama.2023.0128.","Martinez FJ","JAMA","2023","2023/02/14","PMC9929696","","10.1001/jama.2023.0128"
"34726709","Association of Maternal Antidepressant Prescription During Pregnancy With Standardized Test Scores of Danish School-aged Children","Christensen J, Trabjerg BB, Sun Y, Dreier JW.","JAMA. 2021 Nov 2;326(17):1725-1735. doi: 10.1001/jama.2021.17380.","Christensen J","JAMA","2021","2021/11/02","PMC8564575","","10.1001/jama.2021.17380"
"36573974","Trends in Labor Unionization Among US Health Care Workers, 2009-2021","Ahmed AM, Kadakia K, Ahmed A, Shultz B, Li X.","JAMA. 2022 Dec 27;328(24):2404-2411. doi: 10.1001/jama.2022.22790.","Ahmed AM","JAMA","2022","2022/12/27","PMC9856820","","10.1001/jama.2022.22790"
"35040886","Trends in US Ambulatory Care Patterns During the COVID-19 Pandemic, 2019-2021","Mafi JN, Craff M, Vangala S, Pu T, Skinner D, Tabatabai-Yazdi C, Nelson A, Reid R, Agniel D, Tseng CH, Sarkisian C, Damberg CL, Kahn KL.","JAMA. 2022 Jan 18;327(3):237-247. doi: 10.1001/jama.2021.24294.","Mafi JN","JAMA","2022","2022/01/18","PMC8767442","","10.1001/jama.2021.24294"
"37191702","Excess Mortality and Years of Potential Life Lost Among the Black Population in the US, 1999-2020","Caraballo C, Massey DS, Ndumele CD, Haywood T, Kaleem S, King T, Liu Y, Lu Y, Nunez-Smith M, Taylor HA, Watson KE, Herrin J, Yancy CW, Faust JS, Krumholz HM.","JAMA. 2023 May 16;329(19):1662-1670. doi: 10.1001/jama.2023.7022.","Caraballo C","JAMA","2023","2023/05/16","PMC10189563","","10.1001/jama.2023.7022"
"37338878","Recent Vitamin K Antagonist Use and Intracranial Hemorrhage After Endovascular Thrombectomy for Acute Ischemic Stroke","Mac Grory B, Holmes DN, Matsouaka RA, Shah S, Chang CWJ, Rison R, Jindal J, Holmstedt C, Logan WR, Corral C, Mackey JS, Gee JR, Bonovich D, Walker J, Gropen T, Benesch C, Dissin J, Pandey H, Wang D, Unverdorben M, Hernandez AF, Reeves M, Smith EE, Schwamm LH, Bhatt DL, Saver JL, Fonarow GC, Peterson ED, Xian Y.","JAMA. 2023 Jun 20;329(23):2038-2049. doi: 10.1001/jama.2023.8073.","Mac Grory B","JAMA","2023","2023/06/20","PMC10282891","","10.1001/jama.2023.8073"
"36335474","Treatment Time and In-Hospital Mortality Among Patients With ST-Segment Elevation Myocardial Infarction, 2018-2021","Jollis JG, Granger CB, Zègre-Hemsey JK, Henry TD, Goyal A, Tamis-Holland JE, Roettig ML, Ali MJ, French WJ, Poudel R, Zhao J, Stone RH, Jacobs AK.","JAMA. 2022 Nov 22;328(20):2033-2040. doi: 10.1001/jama.2022.20149.","Jollis JG","JAMA","2022","2022/11/06","PMC9638953","","10.1001/jama.2022.20149"
"33399840","Prevalence of Pulmonary Embolism Among Patients With COPD Hospitalized With Acutely Worsening Respiratory Symptoms","Couturaud F, Bertoletti L, Pastre J, Roy PM, Le Mao R, Gagnadoux F, Paleiron N, Schmidt J, Sanchez O, De Magalhaes E, Kamara M, Hoffmann C, Bressollette L, Nonent M, Tromeur C, Salaun PY, Barillot S, Gatineau F, Mismetti P, Girard P, Lacut K, Lemarié CA, Meyer G, Leroyer C; PEP Investigators.","JAMA. 2021 Jan 5;325(1):59-68. doi: 10.1001/jama.2020.23567.","Couturaud F","JAMA","2021","2021/01/05","PMC7786241","","10.1001/jama.2020.23567"
"34982120","Association Between Maternal Hormonal Contraception Use and Central Nervous System Tumors in Children","Hargreave M, Mørch LS, Winther JF, Schmiegelow K, Kjaer SK.","JAMA. 2022 Jan 4;327(1):59-66. doi: 10.1001/jama.2021.22482.","Hargreave M","JAMA","2022","2022/01/04","PMC8728605","","10.1001/jama.2021.22482"
"36326747","Association Between Preoperative Hemodialysis Timing and Postoperative Mortality in Patients With End-stage Kidney Disease","Fielding-Singh V, Vanneman MW, Grogan T, Neelankavil JP, Winkelmayer WC, Chang TI, Liu VX, Lin E.","JAMA. 2022 Nov 8;328(18):1837-1848. doi: 10.1001/jama.2022.19626.","Fielding-Singh V","JAMA","2022","2022/11/03","PMC9634601","","10.1001/jama.2022.19626"
"33620406","Association of Rare CYP39A1 Variants With Exfoliation Syndrome Involving the Anterior Chamber of the Eye","Genetics of Exfoliation Syndrome Partnership; Li Z, Wang Z, Lee MC, Zenkel M, Peh E, Ozaki M, Topouzis F, Nakano S, Chan A, Chen S, Williams SEI, Orr A, Nakano M, Kobakhidze N, Zarnowski T, Popa-Cherecheanu A, Mizoguchi T, Manabe SI, Hayashi K, Kazama S, Inoue K, Mori Y, Miyata K, Sugiyama K, Higashide T, Chihara E, Ideta R, Ishiko S, Yoshida A, Tokumo K, Kiuchi Y, Ohashi T, Sakurai T, Sugimoto T, Chuman H, Aihara M, Inatani M, Mori K, Ikeda Y, Ueno M, Gaston D, Rafuse P, Shuba L, Saunders J, Nicolela M, Chichua G, Tabagari S, Founti P, Sim KS, Meah WY, Soo HM, Chen XY, Chatzikyriakidou A, Keskini C, Pappas T, Anastasopoulos E, Lambropoulos A, Panagiotou ES, Mikropoulos DG, Kosior-Jarecka E, Cheong A, Li Y, Lukasik U, Nongpiur ME, Husain R, Perera SA, Álvarez L, García M, González-Iglesias H, Fernández-Vega Cueto A, Fernández-Vega Cueto L, Martinón-Torres F, Salas A, Oguz Ç, Tamcelik N, Atalay E, Batu B, Irkec M, Aktas D, Kasim B, Astakhov YS, Astakhov SY, Akopov EL, Giessl A, Mardin C, Hellerbrand C, Cooke Bailey JN, Igo RP Jr, Haines JL, Edward DP, Heegaard S, Davila S, Tan P, Kang JH, Pasquale LR, Kruse FE, Reis A, Carmichael TR, Hauser M, et al.","JAMA. 2021 Feb 23;325(8):753-764. doi: 10.1001/jama.2021.0507.","Genetics of Exfoliation Syndrome Partnership","JAMA","2021","2021/02/23","PMC7903258","","10.1001/jama.2021.0507"
"33433576","Neonatal Abstinence Syndrome and Maternal Opioid-Related Diagnoses in the US, 2010-2017","Hirai AH, Ko JY, Owens PL, Stocks C, Patrick SW.","JAMA. 2021 Jan 12;325(2):146-155. doi: 10.1001/jama.2020.24991.","Hirai AH","JAMA","2021","2021/01/12","PMC7804920","","10.1001/jama.2020.24991"
"35997731","Trends in Lipid Concentrations and Lipid Control Among US Adults, 2007-2018","Aggarwal R, Bhatt DL, Rodriguez F, Yeh RW, Wadhera RK.","JAMA. 2022 Aug 23;328(8):737-745. doi: 10.1001/jama.2022.12567.","Aggarwal R","JAMA","2022","2022/08/23","PMC9399873","","10.1001/jama.2022.12567"
"34724027","Association of Prior SARS-CoV-2 Infection With Risk of Breakthrough Infection Following mRNA Vaccination in Qatar","Abu-Raddad LJ, Chemaitelly H, Ayoub HH, Yassine HM, Benslimane FM, Al Khatib HA, Tang P, Hasan MR, Coyle P, Al Kanaani Z, Al Kuwari E, Jeremijenko A, Kaleeckal AH, Latif AN, Shaik RM, Abdul Rahim HF, Nasrallah GK, Al Kuwari MG, Butt AA, Al Romaihi HE, Al-Thani MH, Al Khal A, Bertollini R.","JAMA. 2021 Nov 16;326(19):1930-1939. doi: 10.1001/jama.2021.19623.","Abu-Raddad LJ","JAMA","2021","2021/11/01","PMC8561432","","10.1001/jama.2021.19623"
"36917051","Association Between California's State Insurance Gender Nondiscrimination Act and Utilization of Gender-Affirming Surgery","Schoenbrunner A, Beckmeyer A, Kunnath N, Ibrahim A, Pawlik TM, Venkataramani A, Kuzon WM, Diaz A.","JAMA. 2023 Mar 14;329(10):819-826. doi: 10.1001/jama.2023.0878.","Schoenbrunner A","JAMA","2023","2023/03/14","PMC10015311","","10.1001/jama.2023.0878"
"34751708","Association of Mental Stress-Induced Myocardial Ischemia With Cardiovascular Events in Patients With Coronary Heart Disease","Vaccarino V, Almuwaqqat Z, Kim JH, Hammadah M, Shah AJ, Ko YA, Elon L, Sullivan S, Shah A, Alkhoder A, Lima BB, Pearce B, Ward L, Kutner M, Hu Y, Lewis TT, Garcia EV, Nye J, Sheps DS, Raggi P, Bremner JD, Quyyumi AA.","JAMA. 2021 Nov 9;326(18):1818-1828. doi: 10.1001/jama.2021.17649.","Vaccarino V","JAMA","2021","2021/11/09","PMC8579237","","10.1001/jama.2021.17649"
"37606674","Aspirin for Secondary Prevention of Cardiovascular Disease in 51 Low-, Middle-, and High-Income Countries","Yoo SGK, Chung GS, Bahendeka SK, Sibai AM, Damasceno A, Farzadfar F, Rohloff P, Houehanou C, Norov B, Karki KB, Azangou-Khyavy M, Marcus ME, Aryal KK, Brant LCC, Theilmann M, Cífková R, Lunet N, Gurung MS, Mwangi JK, Martins J, Haghshenas R, Sturua L, Vollmer S, Bärnighausen T, Atun R, Sussman JB, Singh K, Saeedi Moghaddam S, Guwatudde D, Geldsetzer P, Manne-Goehler J, Huffman MD, Davies JI, Flood D.","JAMA. 2023 Aug 22;330(8):715-724. doi: 10.1001/jama.2023.12905.","Yoo SGK","JAMA","2023","2023/08/22","PMC10445202","","10.1001/jama.2023.12905"
"37191703","Association of a Housing Mobility Program With Childhood Asthma Symptoms and Exacerbations","Pollack CE, Roberts LC, Peng RD, Cimbolic P, Judy D, Balcer-Whaley S, Grant T, Rule A, Deluca S, Davis MF, Wright RJ, Keet CA, Matsui EC.","JAMA. 2023 May 16;329(19):1671-1681. doi: 10.1001/jama.2023.6488.","Pollack CE","JAMA","2023","2023/05/16","PMC10189571","","10.1001/jama.2023.6488"
"34003219","Colorectal Cancer Screening: An Updated Modeling Study for the US Preventive Services Task Force","Knudsen AB, Rutter CM, Peterse EFP, Lietz AP, Seguin CL, Meester RGS, Perdue LA, Lin JS, Siegel RL, Doria-Rose VP, Feuer EJ, Zauber AG, Kuntz KM, Lansdorp-Vogelaar I.","JAMA. 2021 May 18;325(19):1998-2011. doi: 10.1001/jama.2021.5746.","Knudsen AB","JAMA","2021","2021/05/18","PMC8409520","NIHMS1723805","10.1001/jama.2021.5746"
"35072716","Clinical Outcomes Among Patients With 1-Year Survival Following Intensive Care Unit Treatment for COVID-19","Heesakkers H, van der Hoeven JG, Corsten S, Janssen I, Ewalds E, Simons KS, Westerhof B, Rettig TCD, Jacobs C, van Santen S, Slooter AJC, van der Woude MCE, van den Boogaard M, Zegers M.","JAMA. 2022 Feb 8;327(6):559-565. doi: 10.1001/jama.2022.0040.","Heesakkers H","JAMA","2022","2022/01/24","PMC8787680","","10.1001/jama.2022.0040"
"35333303","Association Between 2-Dose vs 3-Dose Hepatitis B Vaccine and Acute Myocardial Infarction","Bruxvoort K, Slezak J, Qian L, Sy LS, Ackerson B, Reynolds K, Huang R, Solano Z, Towner W, Mercado C, Jacobsen SJ.","JAMA. 2022 Apr 5;327(13):1260-1268. doi: 10.1001/jama.2022.2540.","Bruxvoort K","JAMA","2022","2022/03/25","PMC8957040","","10.1001/jama.2022.2540"
"33687462","Prevalence of Central Nervous System-Active Polypharmacy Among Older Adults With Dementia in the US","Maust DT, Strominger J, Kim HM, Langa KM, Bynum JPW, Chang CH, Kales HC, Zivin K, Solway E, Marcus SC.","JAMA. 2021 Mar 9;325(10):952-961. doi: 10.1001/jama.2021.1195.","Maust DT","JAMA","2021","2021/03/09","PMC7944381","NIHMS1667337","10.1001/jama.2021.1195"
"34402830","Trends in Differences in Health Status and Health Care Access and Affordability by Race and Ethnicity in the United States, 1999-2018","Mahajan S, Caraballo C, Lu Y, Valero-Elizondo J, Massey D, Annapureddy AR, Roy B, Riley C, Murugiah K, Onuma O, Nunez-Smith M, Forman HP, Nasir K, Herrin J, Krumholz HM.","JAMA. 2021 Aug 17;326(7):637-648. doi: 10.1001/jama.2021.9907.","Mahajan S","JAMA","2021","2021/08/17","PMC8371573","","10.1001/jama.2021.9907"
"35972487","Trends in Active Treatment of Live-born Neonates Between 22 Weeks 0 Days and 25 Weeks 6 Days by Gestational Age and Maternal Race and Ethnicity in the US, 2014 to 2020","Venkatesh KK, Lynch CD, Costantine MM, Backes CH, Slaughter JL, Frey HA, Huang X, Landon MB, Klebanoff MA, Khan SS, Grobman WA.","JAMA. 2022 Aug 16;328(7):652-662. doi: 10.1001/jama.2022.12841.","Venkatesh KK","JAMA","2022","2022/08/16","PMC9382444","","10.1001/jama.2022.12841"
"34581736","Association of Epidural Analgesia During Labor and Delivery With Autism Spectrum Disorder in Offspring","Hanley GE, Bickford C, Ip A, Lanphear N, Lanphear B, Weikum W, Zwaigenbaum L, Oberlander TF.","JAMA. 2021 Sep 28;326(12):1178-1185. doi: 10.1001/jama.2021.14986.","Hanley GE","JAMA","2021","2021/09/28","PMC8479579","","10.1001/jama.2021.14986"
"35006256","Association of a Third Dose of BNT162b2 Vaccine With Incidence of SARS-CoV-2 Infection Among Health Care Workers in Israel","Spitzer A, Angel Y, Marudi O, Zeltser D, Saiag E, Goldshmidt H, Goldiner I, Stark M, Halutz O, Gamzu R, Slobodkin M, Amrami N, Feigin E, Elbaz M, Furman M, Bronstein Y, Chikly A, Eshkol A, Furer V, Mayer T, Meijer S, Melloul A, Mizrahi M, Yakubovsky M, Rosenberg D, Safir A, Spitzer L, Taleb E, Elkayam O, Silberman A, Eviatar T, Elalouf O, Levinson T, Pozyuchenko K, Itzhaki-Alfia A, Sprecher E, Ben-Ami R, Henig O.","JAMA. 2022 Jan 25;327(4):341-349. doi: 10.1001/jama.2021.23641.","Spitzer A","JAMA","2022","2022/01/10","PMC8749710","","10.1001/jama.2021.23641"
"37036716","Population-Level Health Effects of Involuntary Displacement of People Experiencing Unsheltered Homelessness Who Inject Drugs in US Cities","Barocas JA, Nall SK, Axelrath S, Pladsen C, Boyer A, Kral AH, Meehan AA, Savinkina A, Peery D, Bien M, Agnew-Brune C, Goldshear J, Chiang J, Linas BP, Gonsalves G, Bluthenthal RN, Mosites E; NHBS Study Group.","JAMA. 2023 May 2;329(17):1478-1486. doi: 10.1001/jama.2023.4800.","Barocas JA","JAMA","2023","2023/04/10","PMC10087093","","10.1001/jama.2023.4800"
"35315884","Association of Echocardiographic Measures of Left Atrial Function and Size With Incident Dementia","Wang W, Zhang MJ, Inciardi RM, Norby FL, Johansen MC, Parikh R, Van't Hof JR, Alonso A, Soliman EZ, Mosley TH, Gottesman RF, Shah AM, Solomon SD, Chen LY.","JAMA. 2022 Mar 22;327(12):1138-1148. doi: 10.1001/jama.2022.2518.","Wang W","JAMA","2022","2022/03/22","PMC8941355","","10.1001/jama.2022.2518"
"36472594","Association of Medicare Advantage vs Traditional Medicare With 30-Day Mortality Among Patients With Acute Myocardial Infarction","Landon BE, Anderson TS, Curto VE, Cram P, Fu C, Weinreb G, Zaslavsky AM, Ayanian JZ.","JAMA. 2022 Dec 6;328(21):2126-2135. doi: 10.1001/jama.2022.20982.","Landon BE","JAMA","2022","2022/12/06","PMC9856265","NIHMS1869006","10.1001/jama.2022.20982"
"36156706","Incidence of Severe COVID-19 Illness Following Vaccination and Booster With BNT162b2, mRNA-1273, and Ad26.COV2.S Vaccines","Kelly JD, Leonard S, Hoggatt KJ, Boscardin WJ, Lum EN, Moss-Vazquez TA, Andino R, Wong JK, Byers A, Bravata DM, Tien PC, Keyhani S.","JAMA. 2022 Oct 11;328(14):1427-1437. doi: 10.1001/jama.2022.17985.","Kelly JD","JAMA","2022","2022/09/26","PMC9513709","","10.1001/jama.2022.17985"
"36286084","Association of Extracorporeal Membrane Oxygenation With New Mental Health Diagnoses in Adult Survivors of Critical Illness","Fernando SM, Scott M, Talarico R, Fan E, McIsaac DI, Sood MM, Myran DT, Herridge MS, Needham DM, Hodgson CL, Rochwerg B, Munshi L, Wilcox ME, Bienvenu OJ, MacLaren G, Fowler RA, Scales DC, Ferguson ND, Combes A, Slutsky AS, Brodie D, Tanuseputro P, Kyeremanteng K.","JAMA. 2022 Nov 8;328(18):1827-1836. doi: 10.1001/jama.2022.17714.","Fernando SM","JAMA","2022","2022/10/26","PMC9608013","","10.1001/jama.2022.17714"
"34714327","Association Between COVID-19 Diagnosis and In-Hospital Mortality in Patients Hospitalized With ST-Segment Elevation Myocardial Infarction","Saad M, Kennedy KF, Imran H, Louis DW, Shippey E, Poppas A, Wood KE, Abbott JD, Aronow HD.","JAMA. 2021 Nov 16;326(19):1940-1952. doi: 10.1001/jama.2021.18890.","Saad M","JAMA","2021","2021/10/29","PMC8596198","","10.1001/jama.2021.18890"
"34342618","Association of Dose Tapering With Overdose or Mental Health Crisis Among Patients Prescribed Long-term Opioids","Agnoli A, Xing G, Tancredi DJ, Magnan E, Jerant A, Fenton JJ.","JAMA. 2021 Aug 3;326(5):411-419. doi: 10.1001/jama.2021.11013.","Agnoli A","JAMA","2021","2021/08/03","PMC8335575","","10.1001/jama.2021.11013"
"35916847","Association Between Dialysis Facility Ownership and Access to the Waiting List and Transplant in Pediatric Patients With End-stage Kidney Disease in the US","Amaral S, McCulloch CE, Lin F, Grimes BA, Furth S, Warady B, Brunson C, Siyahian S, Ku E.","JAMA. 2022 Aug 2;328(5):451-459. doi: 10.1001/jama.2022.11231.","Amaral S","JAMA","2022","2022/08/02","PMC9346544","","10.1001/jama.2022.11231"
"35289881","Association of Type of Oral Anticoagulant Dispensed With Adverse Clinical Outcomes in Patients Extending Anticoagulation Therapy Beyond 90 Days After Hospitalization for Venous Thromboembolism","Pawar A, Gagne JJ, Gopalakrishnan C, Iyer G, Tesfaye H, Brill G, Chin K, Bykov K.","JAMA. 2022 Mar 15;327(11):1051-1060. doi: 10.1001/jama.2022.1920.","Pawar A","JAMA","2022","2022/03/15","PMC8924711","","10.1001/jama.2022.1920"
"38319331","Effectiveness of Bivalent mRNA COVID-19 Vaccines in Preventing SARS-CoV-2 Infection in Children and Adolescents Aged 5 to 17 Years","Feldstein LR, Britton A, Grant L, Wiegand R, Ruffin J, Babu TM, Briggs Hagen M, Burgess JL, Caban-Martinez AJ, Chu HY, Ellingson KD, Englund JA, Hegmann KT, Jeddy Z, Lauring AS, Lutrick K, Martin ET, Mathenge C, Meece J, Midgley CM, Monto AS, Newes-Adeyi G, Odame-Bamfo L, Olsho LEW, Phillips AL, Rai RP, Saydah S, Smith N, Steinhardt L, Tyner H, Vandermeer M, Vaughan M, Yoon SK, Gaglani M, Naleway AL.","JAMA. 2024 Feb 6;331(5):408-416. doi: 10.1001/jama.2023.27022.","Feldstein LR","JAMA","2024","2024/02/06","PMC10848053","","10.1001/jama.2023.27022"
"33523115","Association of Intravenous Immunoglobulins Plus Methylprednisolone vs Immunoglobulins Alone With Course of Fever in Multisystem Inflammatory Syndrome in Children","Ouldali N, Toubiana J, Antona D, Javouhey E, Madhi F, Lorrot M, Léger PL, Galeotti C, Claude C, Wiedemann A, Lachaume N, Ovaert C, Dumortier M, Kahn JE, Mandelcwajg A, Percheron L, Biot B, Bordet J, Girardin ML, Yang DD, Grimaud M, Oualha M, Allali S, Bajolle F, Beyler C, Meinzer U, Levy M, Paulet AM, Levy C, Cohen R, Belot A, Angoulvant F; French Covid-19 Paediatric Inflammation Consortium.","JAMA. 2021 Mar 2;325(9):855-864. doi: 10.1001/jama.2021.0694.","Ouldali N","JAMA","2021","2021/02/01","PMC7851757","","10.1001/jama.2021.0694"
"33956048","Association Between Vaccination With BNT162b2 and Incidence of Symptomatic and Asymptomatic SARS-CoV-2 Infections Among Health Care Workers","Angel Y, Spitzer A, Henig O, Saiag E, Sprecher E, Padova H, Ben-Ami R.","JAMA. 2021 Jun 22;325(24):2457-2465. doi: 10.1001/jama.2021.7152.","Angel Y","JAMA","2021","2021/05/06","PMC8220476","","10.1001/jama.2021.7152"
"35499852","Association of SARS-CoV-2 Infection During Pregnancy With Maternal and Perinatal Outcomes","McClymont E, Albert AY, Alton GD, Boucoiran I, Castillo E, Fell DB, Kuret V, Poliquin V, Reeve T, Scott H, Sprague AE, Carson G, Cassell K, Crane J, Elwood C, Joynt C, Murphy P, Murphy-Kaulbeck L, Saunders S, Shah P, Snelgrove JW, van Schalkwyk J, Yudin MH, Money D; CANCOVID-Preg Team.","JAMA. 2022 May 24;327(20):1983-1991. doi: 10.1001/jama.2022.5906.","McClymont E","JAMA","2022","2022/05/02","PMC9062768","","10.1001/jama.2022.5906"
"34251417","Association Between BNT162b2 Vaccination and Incidence of SARS-CoV-2 Infection in Pregnant Women","Goldshtein I, Nevo D, Steinberg DM, Rotem RS, Gorfine M, Chodick G, Segal Y.","JAMA. 2021 Aug 24;326(8):728-735. doi: 10.1001/jama.2021.11035.","Goldshtein I","JAMA","2021","2021/07/12","PMC8276131","","10.1001/jama.2021.11035"
"34003225","Association of Coronary Artery Bypass Grafting vs Percutaneous Coronary Intervention With Memory Decline in Older Adults Undergoing Coronary Revascularization","Whitlock EL, Diaz-Ramirez LG, Smith AK, Boscardin WJ, Covinsky KE, Avidan MS, Glymour MM.","JAMA. 2021 May 18;325(19):1955-1964. doi: 10.1001/jama.2021.5150.","Whitlock EL","JAMA","2021","2021/05/18","PMC8132142","","10.1001/jama.2021.5150"
"36881033","Association of FDA Mandate Limiting Acetaminophen (Paracetamol) in Prescription Combination Opioid Products and Subsequent Hospitalizations and Acute Liver Failure","Orandi BJ, McLeod MC, MacLennan PA, Lee WM, Fontana RJ, Karvellas CJ, McGuire BM, Lewis CE, Terrault NM, Locke JE; US Acute Liver Failure Study Group.","JAMA. 2023 Mar 7;329(9):735-744. doi: 10.1001/jama.2023.1080.","Orandi BJ","JAMA","2023","2023/03/07","PMC9993184","","10.1001/jama.2023.1080"
"41499135","Prenatal Exposure to Acid-Suppressive Medications and Risk of Neuropsychiatric Disorders in Children","Hong S, Lee S, Kim H, Jo H, Lee K, Jo Y, Kim TH, Park J, Lee J, Woo HG, Lee H, Yon DK.","JAMA. 2026 Jan 7:e2523956. doi: 10.1001/jama.2025.23956. Online ahead of print.","Hong S","JAMA","2026","2026/01/07","PMC12780979","","10.1001/jama.2025.23956"
