PMID,Title,Authors,Citation,First Author,Journal/Book,Publication Year,Create Date,PMCID,NIHMS ID,DOI,author_count
38446676,Microplastics and Nanoplastics in Atheromas and Cardiovascular Events,"Marfella R, Prattichizzo F, Sardu C, Fulgenzi G, Graciotti L, Spadoni T, D'Onofrio N, Scisciola L, La Grotta R, Frigé C, Pellegrini V, Municinò M, Siniscalchi M, Spinetti F, Vigliotti G, Vecchione C, Carrizzo A, Accarino G, Squillante A, Spaziano G, Mirra D, Esposito R, Altieri S, Falco G, Fenti A, Galoppo S, Canzano S, Sasso FC, Matacchione G, Olivieri F, Ferraraccio F, Panarese I, Paolisso P, Barbato E, Lubritto C, Balestrieri ML, Mauro C, Caballero AE, Rajagopalan S, Ceriello A, D'Agostino B, Iovino P, Paolisso G.",N Engl J Med. 2024 Mar 7;390(10):900-910. doi: 10.1056/NEJMoa2309822.,Marfella R,N Engl J Med,2024,2024/03/06,PMC11009876,NIHMS1978399,10.1056/NEJMoa2309822,43
38381674,Biomarker Changes during 20 Years Preceding Alzheimer's Disease,"Jia J, Ning Y, Chen M, Wang S, Yang H, Li F, Ding J, Li Y, Zhao B, Lyu J, Yang S, Yan X, Wang Y, Qin W, Wang Q, Li Y, Zhang J, Liang F, Liao Z, Wang S.",N Engl J Med. 2024 Feb 22;390(8):712-722. doi: 10.1056/NEJMoa2310168.,Jia J,N Engl J Med,2024,2024/02/21,,,10.1056/NEJMoa2310168,20
38477985,A Cell-free DNA Blood-Based Test for Colorectal Cancer Screening,"Chung DC, Gray DM 2nd, Singh H, Issaka RB, Raymond VM, Eagle C, Hu S, Chudova DI, Talasaz A, Greenson JK, Sinicrope FA, Gupta S, Grady WM.",N Engl J Med. 2024 Mar 14;390(11):973-983. doi: 10.1056/NEJMoa2304714.,Chung DC,N Engl J Med,2024,2024/03/13,,,10.1056/NEJMoa2304714,13
38477987,Oral Iptacopan Monotherapy in Paroxysmal Nocturnal Hemoglobinuria,"Peffault de Latour R, Röth A, Kulasekararaj AG, Han B, Scheinberg P, Maciejewski JP, Ueda Y, de Castro CM, Di Bona E, Fu R, Zhang L, Griffin M, Langemeijer SMC, Panse J, Schrezenmeier H, Barcellini W, Mauad VAQ, Schafhausen P, Tavitian S, Beggiato E, Chew LP, Gaya A, Huang WH, Jang JH, Kitawaki T, Kutlar A, Notaro R, Pullarkat V, Schubert J, Terriou L, Uchiyama M, Wong Lee Lee L, Yap ES, Sicre de Fontbrune F, Marano L, Alashkar F, Gandhi S, Trikha R, Yang C, Liu H, Kelly RJ, Höchsmann B, Kerloeguen C, Banerjee P, Levitch R, Kumar R, Wang Z, Thorburn C, Maitra S, Li S, Verles A, Dahlke M, Risitano AM.",N Engl J Med. 2024 Mar 14;390(11):994-1008. doi: 10.1056/NEJMoa2308695.,Peffault de Latour R,N Engl J Med,2024,2024/03/13,,,10.1056/NEJMoa2308695,53
38986058,Nirsevimab and Hospitalization for RSV Bronchiolitis,"Assad Z, Romain AS, Aupiais C, Shum M, Schrimpf C, Lorrot M, Corvol H, Prevost B, Ferrandiz C, Giolito A, Valtuille Z, Bendavid M, Cohen JF, Toubiana J, de Pontual L, Delande CF, Levy M, See P, Cohen R, Levy C, Angoulvant F, Lenglart L, Gits-Muselli M, Biran V, Diallo K, Alemede O, El Hebil MM, Durrmeyer X, Labouret G, Casanovas N, Hallak B, Maréchal O, Jung C, Bréhin C, Ouldali N.",N Engl J Med. 2024 Jul 11;391(2):144-154. doi: 10.1056/NEJMoa2314885.,Assad Z,N Engl J Med,2024,2024/07/10,,,10.1056/NEJMoa2314885,35
41269206,Medical Management and Revascularization for Asymptomatic Carotid Stenosis,"Brott TG, Howard G, Lal BK, Voeks JH, Turan TN, Roubin GS, Lazar RM, Brown RD Jr, Huston J 3rd, Edwards LJ, Jones M, Clark WM, Chamorro Á, Llull L, Mena-Hurtado C, Heck D, Marshall RS, Howard VJ, Moore WS, Barrett KM, Demaerschalk BM, Sangha N, Aronow H, Foster M, Sternbergh WC 3rd, Shawl F, Lanzino G, Rapp J, Tran HS, Ecker R, Mackey A, Ali V, Given C 2nd, Teal P, Kashyap VS, Mukherjee D, Harrigan M, Silverman S, Koopmann M, Wadley VG, Zhang Y, Rhodes JD, Chaturvedi S, Meschia JF; CREST-2 Investigators.",N Engl J Med. 2025 Nov 21. doi: 10.1056/NEJMoa2508800. Online ahead of print.,Brott TG,N Engl J Med,2025,2025/11/21,,,10.1056/NEJMoa2508800,44
40961449,Medical Imaging and Pediatric and Adolescent Hematologic Cancer Risk,"Smith-Bindman R, Alber SA, Kwan ML, Pequeno P, Bolch WE, Bowles EJA, Greenlee RT, Stout NK, Weinmann S, Moy LM, Stewart C, Francisco M, Kofler C, Duncan JR, Ducore J, Mahendra M, Pole JD, Miglioretti DL.",N Engl J Med. 2025 Oct 2;393(13):1269-1278. doi: 10.1056/NEJMoa2502098. Epub 2025 Sep 17.,Smith-Bindman R,N Engl J Med,2025,2025/09/17,PMC12445590,NIHMS2094790,10.1056/NEJMoa2502098,18
38381673,CD19 CAR T-Cell Therapy in Autoimmune Disease - A Case Series with Follow-up,"Müller F, Taubmann J, Bucci L, Wilhelm A, Bergmann C, Völkl S, Aigner M, Rothe T, Minopoulou I, Tur C, Knitza J, Kharboutli S, Kretschmann S, Vasova I, Spoerl S, Reimann H, Munoz L, Gerlach RG, Schäfer S, Grieshaber-Bouyer R, Korganow AS, Farge-Bancel D, Mougiakakos D, Bozec A, Winkler T, Krönke G, Mackensen A, Schett G.",N Engl J Med. 2024 Feb 22;390(8):687-700. doi: 10.1056/NEJMoa2308917.,Müller F,N Engl J Med,2024,2024/02/21,,,10.1056/NEJMoa2308917,28
38804512,Autoantibodies Targeting Nephrin in Podocytopathies,"Hengel FE, Dehde S, Lassé M, Zahner G, Seifert L, Schnarre A, Kretz O, Demir F, Pinnschmidt HO, Grahammer F, Lucas R, Mehner LM, Zimmermann T, Billing AM, Oh J, Mitrotti A, Pontrelli P, Debiec H, Dossier C, Colucci M, Emma F, Smoyer WE, Weins A, Schaefer F, Alachkar N, Diemert A, Hogan J, Hoxha E, Wiech T, Rinschen MM, Ronco P, Vivarelli M, Gesualdo L, Tomas NM, Huber TB; International Society of Glomerular Disease.",N Engl J Med. 2024 Aug 1;391(5):422-433. doi: 10.1056/NEJMoa2314471. Epub 2024 May 25.,Hengel FE,N Engl J Med,2024,2024/05/28,,,10.1056/NEJMoa2314471,35
38838312,Genome Sequencing for Diagnosing Rare Diseases,"Wojcik MH, Lemire G, Berger E, Zaki MS, Wissmann M, Win W, White SM, Weisburd B, Wieczorek D, Waddell LB, Verboon JM, VanNoy GE, Töpf A, Tan TY, Syrbe S, Strehlow V, Straub V, Stenton SL, Snow H, Singer-Berk M, Silver J, Shril S, Seaby EG, Schneider R, Sankaran VG, Sanchis-Juan A, Russell KA, Reinson K, Ravenscroft G, Radtke M, Popp D, Polster T, Platzer K, Pierce EA, Place EM, Pajusalu S, Pais L, Õunap K, Osei-Owusu I, Opperman H, Okur V, Oja KT, O'Leary M, O'Heir E, Morel CF, Merkenschlager A, Marchant RG, Mangilog BE, Madden JA, MacArthur D, Lovgren A, Lerner-Ellis JP, Lin J, Laing N, Hildebrandt F, Hentschel J, Groopman E, Goodrich J, Gleeson JG, Ghaoui R, Genetti CA, Gburek-Augustat J, Gazda HT, Ganesh VS, Ganapathi M, Gallacher L, Fu JM, Evangelista E, England E, Donkervoort S, DiTroia S, Cooper ST, Chung WK, Christodoulou J, Chao KR, Cato LD, Bujakowska KM, Bryen SJ, Brand H, Bönnemann CG, Beggs AH, Baxter SM, Bartolomaeus T, Agrawal PB, Talkowski M, Austin-Tse C, Abou Jamra R, Rehm HL, O'Donnell-Luria A.",N Engl J Med. 2024 Jun 6;390(21):1985-1997. doi: 10.1056/NEJMoa2314761.,Wojcik MH,N Engl J Med,2024,2024/06/05,PMC11350637,NIHMS2015531,10.1056/NEJMoa2314761,89
39450752,Microvascular Inflammation of Kidney Allografts and Clinical Outcomes,"Sablik M, Sannier A, Raynaud M, Goutaudier V, Divard G, Astor BC, Weng P, Smith J, Garro R, Warady BA, Zahr RS, Twombley K, Dharnidharka VR, Dandamudi RS, Fila M, Huang E, Sellier-Leclerc AL, Tönshoff B, Rabant M, Verine J, Del Bello A, Berney T, Boyer O, Catar RA, Danger R, Giral M, Yoo D, Girardin FR, Alsadi A, Gourraud PA, Morelon E, Le Quintrec M, Try M, Villard J, Zhong W, Bestard O, Budde K, Chauveau B, Couzi L, Brouard S, Hogan J, Legendre C, Anglicheau D, Aubert O, Kamar N, Lefaucheur C, Loupy A.",N Engl J Med. 2025 Feb 20;392(8):763-776. doi: 10.1056/NEJMoa2408835. Epub 2024 Oct 24.,Sablik M,N Engl J Med,2025,2024/10/25,,,10.1056/NEJMoa2408835,47
40162648,Global Effect of Cardiovascular Risk Factors on Lifetime Estimates,"Global Cardiovascular Risk Consortium; Magnussen C, Alegre-Diaz J, Al-Nasser LA, Amouyel P, Aviles-Santa L, Bakker SJL, Ballantyne CM, Bernabé-Ortiz A, Bobak M, Boffetta P, Brenner H, Brunström M, Can G, Carrillo-Larco RM, Checkley W, Dallongeville J, De Bacquer D, de Gaetano G, de Lemos JA, di Carluccio E, Dobson A, Donfrancesco C, Dörr M, d'Orsi E, Drygas W, Dullaart RPF, Engström G, Ferrario MM, Ferrières J, Figtree GA, Gaye B, Ghayour-Mobarhan M, Goldbourt U, Gonzalez C, Gossling A, Grassi G, Gupta PC, He J, Hodge AM, Hozawa A, Hveem K, Iacoviello L, Ikram MK, Inoue M, Irazola V, Jobe M, Jousilahti P, Kaleebu P, Kavousi M, Kee F, Khalili D, Klotsche J, Koenig W, Kontsevaya A, Kowlessur S, Kuri-Morales P, Kuulasmaa K, Kweon SS, Lackner KJ, Landmesser U, Leistner DM, Leiva Sisnieguez CE, Leong D, Lind L, Linneberg A, Lorenz T, Lyngbakken MN, Malekzadeh R, Malyutina S, Mathiesen EB, McElduff P, Melander O, Metspalu A, Miranda JJ, Moitry M, Mugisha J, Munzinger J, Nalini M, Nambi V, Nilsson PM, Ninomiya T, Omland T, Ong SK, Oppermann K, Pajak A, Palmieri L, Panagiotakos D, Park SK, Pednekar MS, Perianayagam A, Peters A, Poustchi H, Prabhakaran D, Prentice AM, Prescott E, Quyyumi A, Risérus U, Sakata S, Salazar M, et al.",N Engl J Med. 2025 Jul 10;393(2):125-138. doi: 10.1056/NEJMoa2415879. Epub 2025 Mar 30.,Global Cardiovascular Risk Consortium,N Engl J Med,2025,2025/03/31,,,10.1056/NEJMoa2415879,100
38477986,Next-Generation Multitarget Stool DNA Test for Colorectal Cancer Screening,"Imperiale TF, Porter K, Zella J, Gagrat ZD, Olson MC, Statz S, Garces J, Lavin PT, Aguilar H, Brinberg D, Berkelhammer C, Kisiel JB, Limburg PJ; BLUE-C Study Investigators.",N Engl J Med. 2024 Mar 14;390(11):984-993. doi: 10.1056/NEJMoa2310336.,Imperiale TF,N Engl J Med,2024,2024/03/13,,,10.1056/NEJMoa2310336,13
40267425,Tumor-Infiltrating Clonal Hematopoiesis,"Pich O, Bernard E, Zagorulya M, Rowan A, Pospori C, Slama R, Huerga Encabo H, O'Sullivan J, Papazoglou D, Anastasiou P, Iliakis CS, Clark SA, Dijkstra KK, Barbè V, Bailey C, Stonestrom AJ, Enfield KSS, Green M, Brierley CK, Magness A, Pearce DR, Hynds RE, Zaidi R, Rane JK, Álvarez-Prado ÁF, Thol K, Scott R, Bola SK, Hoxha E, Harris SK, Peggs KS, Quezada SA, Hackshaw A, Zaccaria S, Joyce JA, Malanchi I, Berger MF, Jamal-Hanjani M, Wack A, Downward J, Grey W, Lo Celso C, Grönroos E, Rudin CM, Mead AJ, Bonnet D, Papaemmanuil E, Swanton C.",N Engl J Med. 2025 Apr 24;392(16):1594-1608. doi: 10.1056/NEJMoa2413361.,Pich O,N Engl J Med,2025,2025/04/23,PMC12021423,NIHMS2050705,10.1056/NEJMoa2413361,48
41160818,Trastuzumab Deruxtecan plus Pertuzumab for HER2-Positive Metastatic Breast Cancer,"Tolaney SM, Jiang Z, Zhang Q, Barroso-Sousa R, Park YH, Rimawi MF, Saura C, Schneeweiss A, Toi M, Chae YS, Kemal Y, Chaudhari M, Şendur MAN, Yamashita T, Casalnuovo M, Danso MA, Liu J, Shetty J, Herbolsheimer P, Loibl S; DESTINY-Breast09 Trial Investigators.",N Engl J Med. 2025 Oct 29. doi: 10.1056/NEJMoa2508668. Online ahead of print.,Tolaney SM,N Engl J Med,2025,2025/10/29,,,10.1056/NEJMoa2508668,20
39774314,Prenatal cfDNA Sequencing and Incidental Detection of Maternal Cancer,"Turriff AE, Annunziata CM, Malayeri AA, Redd B, Pavelova M, Goldlust IS, Rajagopal PS, Lin J, Bianchi DW.",N Engl J Med. 2024 Dec 5;391(22):2123-2132. doi: 10.1056/NEJMoa2401029.,Turriff AE,N Engl J Med,2024,2025/01/08,PMC11711700,NIHMS2018280,10.1056/NEJMoa2401029,9
40214032,Assessment of a Polygenic Risk Score in Screening for Prostate Cancer,"McHugh JK, Bancroft EK, Saunders E, Brook MN, McGrowder E, Wakerell S, James D, Rageevakumar R, Benton B, Taylor N, Myhill K, Hogben M, Kinsella N, Sohaib AA, Cahill D, Hazell S, Withey SJ, Mcaddy N, Page EC, Osborne A, Benafif S, Jones AB, Patel D, Huang DY, Kaur K, Russell B, Nicholson R, Croft F, Sobczak J, McNally C, Mutch F, Bennett S, Kingston L, Karlsson Q, Dadaev T, Saya S, Merson S, Wood A, Dennis N, Hussain N, Thwaites A, Hussain S, Rafi I, Ferris M, Kumar P, James ND, Pashayan N, Kote-Jarai Z, Eeles RA; BARCODE1 Steering Committee and Collaborators.",N Engl J Med. 2025 Apr 10;392(14):1406-1417. doi: 10.1056/NEJMoa2407934.,McHugh JK,N Engl J Med,2025,2025/04/11,PMC7617604,EMS202171,10.1056/NEJMoa2407934,49
39141852,Cognitive Motor Dissociation in Disorders of Consciousness,"Bodien YG, Allanson J, Cardone P, Bonhomme A, Carmona J, Chatelle C, Chennu S, Conte M, Dehaene S, Finoia P, Heinonen G, Hersh JE, Kamau E, Lawrence PK, Lupson VC, Meydan A, Rohaut B, Sanders WR, Sitt JD, Soddu A, Valente M, Velazquez A, Voss HU, Vrosgou A, Claassen J, Edlow BL, Fins JJ, Gosseries O, Laureys S, Menon D, Naccache L, Owen AM, Pickard J, Stamatakis EA, Thibaut A, Victor JD, Giacino JT, Bagiella E, Schiff ND.",N Engl J Med. 2024 Aug 15;391(7):598-608. doi: 10.1056/NEJMoa2400645.,Bodien YG,N Engl J Med,2024,2024/08/14,PMC7617195,EMS197475,10.1056/NEJMoa2400645,39
38507750,"Risk of Autism after Prenatal Topiramate, Valproate, or Lamotrigine Exposure","Hernández-Díaz S, Straub L, Bateman BT, Zhu Y, Mogun H, Wisner KL, Gray KJ, Lester B, McDougle CJ, DiCesare E, Pennell PB, Huybrechts KF.",N Engl J Med. 2024 Mar 21;390(12):1069-1079. doi: 10.1056/NEJMoa2309359.,Hernández-Díaz S,N Engl J Med,2024,2024/03/20,PMC11047762,NIHMS1981554,10.1056/NEJMoa2309359,12
38169490,Ultrasound Blood-Brain Barrier Opening and Aducanumab in Alzheimer's Disease,"Rezai AR, D'Haese PF, Finomore V, Carpenter J, Ranjan M, Wilhelmsen K, Mehta RI, Wang P, Najib U, Vieira Ligo Teixeira C, Arsiwala T, Tarabishy A, Tirumalai P, Claassen DO, Hodder S, Haut MW.",N Engl J Med. 2024 Jan 4;390(1):55-62. doi: 10.1056/NEJMoa2308719.,Rezai AR,N Engl J Med,2024,2024/01/03,,,10.1056/NEJMoa2308719,16
38657244,Sequential CD7 CAR T-Cell Therapy and Allogeneic HSCT without GVHD Prophylaxis,"Hu Y, Zhang M, Yang T, Mo Z, Wei G, Jing R, Zhao H, Chen R, Zu C, Gu T, Xiao P, Hong R, Feng J, Fu S, Kong D, Xu H, Cui J, Huang S, Liang B, Yuan X, Cui Q, Guo H, Yu Y, Feng Y, Jin C, Ren J, Chang AH, Wang D, Huang H.",N Engl J Med. 2024 Apr 25;390(16):1467-1480. doi: 10.1056/NEJMoa2313812.,Hu Y,N Engl J Med,2024,2024/04/24,,,10.1056/NEJMoa2313812,29
38810185,The Role of Interferon-γ in Autoimmune Polyendocrine Syndrome Type 1,"Oikonomou V, Smith G, Constantine GM, Schmitt MM, Ferré EMN, Alejo JC, Riley D, Kumar D, Dos Santos Dias L, Pechacek J, Hadjiyannis Y, Webb T, Seifert BA, Ghosh R, Walkiewicz M, Martin D, Besnard M, Snarr BD, Deljookorani S, Lee CR, DiMaggio T, Barber P, Rosen LB, Cheng A, Rastegar A, de Jesus AA, Stoddard J, Kuehn HS, Break TJ, Kong HH, Castelo-Soccio L, Colton B, Warner BM, Kleiner DE, Quezado MM, Davis JL, Fennelly KP, Olivier KN, Rosenzweig SD, Suffredini AF, Anderson MS, Swidergall M, Guillonneau C, Notarangelo LD, Goldbach-Mansky R, Neth O, Monserrat-Garcia MT, Valverde-Fernandez J, Lucena JM, Gomez-Gila AL, Garcia Rojas A, Seppänen MRJ, Lohi J, Hero M, Laakso S, Klemetti P, Lundberg V, Ekwall O, Olbrich P, Winer KK, Afzali B, Moutsopoulos NM, Holland SM, Heller T, Pittaluga S, Lionakis MS.",N Engl J Med. 2024 May 30;390(20):1873-1884. doi: 10.1056/NEJMoa2312665.,Oikonomou V,N Engl J Med,2024,2024/05/29,PMC11323209,NIHMS2008627,10.1056/NEJMoa2312665,66
40673696,Mitochondrial Donation and Preimplantation Genetic Testing for mtDNA Disease,"Hyslop LA, Blakely EL, Aushev M, Marley J, Takeda Y, Pyle A, Moody E, Feeney C, Dutton J, Shaw C, Smith SJ, Craig K, Alston CL, Lister L, Endacott K, Byerley S, McDermott H, Wilson K, Botham L, Matthew B, Prathalingam N, Prior M, Murdoch A, Turnbull DM, Hudson G, Choudhary M, Taylor RW, Pillai RN, Stewart JA, McFarland R, Herbert M.",N Engl J Med. 2025 Jul 31;393(5):438-449. doi: 10.1056/NEJMoa2415539. Epub 2025 Jul 16.,Hyslop LA,N Engl J Med,2025,2025/07/17,PMC7617940,EMS206183,10.1056/NEJMoa2415539,31
41085057,DB-OTO Gene Therapy for Inherited Deafness,"Valayannopoulos V, Bance M, Carvalho DS, Greinwald JH Jr, Harvey SA, Ishiyama A, Landry EC, Löwenheim H, Lustig LR, Manrique M, Nash R, Polo R, Pritchett CV, Rubinstein JT, Shearer AE, Del Castillo I, Anderson JJ, Corrales CE, Quigley TM, Riggs WJ, Weber P, Wilson G, Irvin SC, Hassan HE, Chen Y, Liu R, Drummond MC, Sabin LR, Musser BJ, Yancopoulos GD, Kyratsous CA, Herman GA, Baras A, Whitton JP; CHORD Study Group.",N Engl J Med. 2025 Oct 12. doi: 10.1056/NEJMoa2400521. Online ahead of print.,Valayannopoulos V,N Engl J Med,2025,2025/10/14,,,10.1056/NEJMoa2400521,34
38416429,Cognition and Memory after Covid-19 in a Large Community Sample,"Hampshire A, Azor A, Atchison C, Trender W, Hellyer PJ, Giunchiglia V, Husain M, Cooke GS, Cooper E, Lound A, Donnelly CA, Chadeau-Hyam M, Ward H, Elliott P.",N Engl J Med. 2024 Feb 29;390(9):806-818. doi: 10.1056/NEJMoa2311330.,Hampshire A,N Engl J Med,2024,2024/02/28,PMC7615803,EMS194588,10.1056/NEJMoa2311330,14
39740051,Highly Pathogenic Avian Influenza A(H5N1) Virus Infections in Humans,"Garg S, Reinhart K, Couture A, Kniss K, Davis CT, Kirby MK, Murray EL, Zhu S, Kraushaar V, Wadford DA, Drehoff C, Kohnen A, Owen M, Morse J, Eckel S, Goswitz J, Turabelidze G, Krager S, Unutzer A, Gonzales ER, Abdul Hamid C, Ellington S, Mellis AM, Budd A, Barnes JR, Biggerstaff M, Jhung MA, Richmond-Crum M, Burns E, Shimabukuro TT, Uyeki TM, Dugan VG, Reed C, Olsen SJ.",N Engl J Med. 2025 Feb 27;392(9):843-854. doi: 10.1056/NEJMoa2414610. Epub 2024 Dec 31.,Garg S,N Engl J Med,2025,2024/12/31,,,10.1056/NEJMoa2414610,34
41363801,Teclistamab plus Daratumumab in Relapsed or Refractory Multiple Myeloma,"Costa LJ, Bahlis NJ, Perrot A, Nooka AK, Lu J, Pawlyn C, Mina R, Caeiro G, Kentos A, Hungria V, Reece D, Niu T, Mylin AK, Hansen CT, Teipel R, Besemer B, Dimopoulos MA, Zamagni E, Yoshihara S, Kim K, Min CK, Geerts P, Van Leeuwen-Segarceanu E, Tyczynska A, Reguera JL, Johansson M, Hansson M, Turgut M, Grey M, Sidana S, Rodriguez-Otero P, Martinez-Lopez J, Hashmi H, Carson R, Kobos R, Sun W, Lantz K, Seifert A, Briseno-Toomey D, O'Rourke L, Rubin M, Vieyra D, Kang L, Mateos MV; MajesTEC-3 Trial Investigators.",N Engl J Med. 2025 Dec 9. doi: 10.1056/NEJMoa2514663. Online ahead of print.,Costa LJ,N Engl J Med,2025,2025/12/09,,,10.1056/NEJMoa2514663,44
40689593,Mitochondrial Donation in a Reproductive Care Pathway for mtDNA Disease,"McFarland R, Hyslop LA, Feeney C, Pillai RN, Blakely EL, Moody E, Prior M, Devlin A, Taylor RW, Herbert M, Choudhary M, Stewart JA, Turnbull DM.",N Engl J Med. 2025 Jul 31;393(5):461-468. doi: 10.1056/NEJMoa2503658. Epub 2025 Jul 16.,McFarland R,N Engl J Med,2025,2025/07/21,PMC7617939,EMS206184,10.1056/NEJMoa2503658,13
40174224,The Genetic Architecture of Congenital Diarrhea and Enteropathy,"Gaibee Z, Warner N, Bugda Gwilt K, Li W, Guan R, Yourshaw M, Whittaker Hawkins R, Zorbas C, St-Germain J, Tabatabaie M, Mao S, Pinsk V, Yerushalmi B, Wang LK, Nelson SF, Wozniak L, Shouval DS, Matar M, Assa A, Frost N, Jimenez L, Acra S, Walters T, Mouat S, Li M, Lafontaine DLJ, Tyska M, Raught B, Avitzur Y, Lencer WI, Goldenring JR, Martín MG, Thiagarajah JR, Muise AM.",N Engl J Med. 2025 Apr 3;392(13):1297-1309. doi: 10.1056/NEJMoa2405333.,Gaibee Z,N Engl J Med,2025,2025/04/02,PMC11968080,NIHMS2042924,10.1056/NEJMoa2405333,34
39231344,A New Orthonairovirus Associated with Human Febrile Illness,"Zhang XA, Ma YD, Zhang YF, Hu ZY, Zhang JT, Han S, Wang G, Li S, Wang X, Tang F, Liang WJ, Yuan HX, Zhao JQ, Jiang LF, Zhang L, Si GQ, Peng C, Wang R, Ge HH, Li N, Jiang BG, Li C, Li H, Liu W.",N Engl J Med. 2024 Sep 5;391(9):821-831. doi: 10.1056/NEJMoa2313722.,Zhang XA,N Engl J Med,2024,2024/09/04,,,10.1056/NEJMoa2313722,24
38507753,Anti-Interleukin-23 Autoantibodies in Adult-Onset Immunodeficiency,"Cheng A, Kashyap A, Salvator H, Rosen LB, Colby D, Ardeshir-Larijani F, Loehrer PJ, Ding L, Lugo Reyes SO, Riminton S, Ballman M, Rocco JM, Marciano BE, Freeman AF, Browne SK, Hsu AP, Zelazny A, Rajan A, Sereti I, Zerbe CS, Lionakis MS, Holland SM.",N Engl J Med. 2024 Mar 21;390(12):1105-1117. doi: 10.1056/NEJMoa2210665.,Cheng A,N Engl J Med,2024,2024/03/20,PMC12404335,NIHMS2097689,10.1056/NEJMoa2210665,22
39413376,Safety of Kidney Transplantation from Donors with HIV,"Durand CM, Massie A, Florman S, Liang T, Rana MM, Friedman-Moraco R, Gilbert A, Stock P, Mehta SA, Mehta S, Stosor V, Pereira MR, Morris MI, Hand J, Aslam S, Malinis M, Haidar G, Small CB, Santos CAQ, Schaenman J, Baddley J, Wojciechowski D, Blumberg EA, Ranganna K, Adebiyi O, Elias N, Castillo-Lugo JA, Giorgakis E, Apewokin S, Brown D, Ostrander D, Eby Y, Desai N, Naqvi F, Bagnasco S, Watson N, Brittain E, Odim J, Redd AD, Tobian AAR, Segev DL; HOPE in Action Investigators.",N Engl J Med. 2024 Oct 17;391(15):1390-1401. doi: 10.1056/NEJMoa2403733.,Durand CM,N Engl J Med,2024,2024/10/16,PMC11606542,NIHMS2012524,10.1056/NEJMoa2403733,41
39778169,Clearance of Driver Mutations after Transplantation for Myelofibrosis,"Gagelmann N, Quarder M, Badbaran A, Rathje K, Janson D, Lück C, Richter J, Marquard F, Oechsler S, Massoud R, Klyuchnikov E, Rudolph I, Schäfersküpper M, Niederwieser C, Heidenreich S, Berger C, Fehse B, Wolschke C, Ayuk F, Kröger N.",N Engl J Med. 2025 Jan 9;392(2):150-160. doi: 10.1056/NEJMoa2408941.,Gagelmann N,N Engl J Med,2025,2025/01/08,,,10.1056/NEJMoa2408941,20
40466062,Corynebacterium diphtheriae Outbreak in Migrant Populations in Europe,"Hoefer A, Seth-Smith H, Palma F, Schindler S, Freschi L, Dangel A, Berger A, D'Aeth J, Cordery R, Delgado-Rodriguez E, Gruner E, Flury D, Hinic V, Kofler J, Lienhard R, Mariman R, Nolte O, Schibli A, Toubiana J, Traugott M, Jacquinet S, Indra A, Fry NK, Palm D, Sing A, Brisse S, Egli A; 2022 European Diphtheria Consortium.",N Engl J Med. 2025 Jun 19;392(23):2334-2345. doi: 10.1056/NEJMoa2311981. Epub 2025 Jun 4.,Hoefer A,N Engl J Med,2025,2025/06/04,,,10.1056/NEJMoa2311981,27
40305710,Identification of Hepatic-like EPO as a Cause of Polycythemia,"Martin L, Maric D, Idriss S, Delamare M, Le Roy A, Maaziz N, Caillaud A, Si-Tayeb K, Robriquet F, Lenglet M, Erceau L, Bellanné-Chantelot C, Plo I, Aral B, Garrec C, Airaud F, Gianfermi C, Antunes V, Keppner A, Vincent SM, Desfontaine A, Modé N, Laporte F, Gaignerie A, Chariau C, Leray I, Rogue C, David L, Redon R, Bézieau S, Mansour-Hendili L, Galactéros F, Maillet T, Pasquet M, Cougoul P, Nloga AM, Gardin C, Guitton C, Dubruille V, Giacobbi-Milet V, Leblanc T, Kaya Z, Semama D, James C, Carillo S, Ochmann M, Waage A, Mortier E, Maillasson M, Quéméner A, Cario H, Skoda RC, Zermati Y, Hoogewijs D, Marchand A, Girodon F, Gardie B.",N Engl J Med. 2025 May 1;392(17):1684-1697. doi: 10.1056/NEJMoa2414954.,Martin L,N Engl J Med,2025,2025/04/30,,,10.1056/NEJMoa2414954,57
41144631,Transcatheter or Surgical Aortic-Valve Replacement in Low-Risk Patients at 7 Years,"Leon MB, Mack MJ, Pibarot P, Hahn RT, Thourani VH, Kodali SH, Généreux P, Kapadia SR, Cohen DJ, Pocock SJ, Zhang Y, Szerlip M, Ternacle J, Malaisrie SC, Herrmann HC, Szeto WY, Russo MJ, Babaliaros V, Nazif T, Webb JG, Makkar RR; PARTNER 3 Investigators.",N Engl J Med. 2025 Oct 27. doi: 10.1056/NEJMoa2509766. Online ahead of print.,Leon MB,N Engl J Med,2025,2025/10/27,,,10.1056/NEJMoa2509766,21
41124203,Subretinal Photovoltaic Implant to Restore Vision in Geographic Atrophy Due to AMD,"Holz FG, Le Mer Y, Muqit MMK, Hattenbach LO, Cusumano A, Grisanti S, Kodjikian L, Pileri MA, Matonti F, Souied E, Stanzel BV, Szurman P, Weber M, Bartz-Schmidt KU, Eter N, Delyfer MN, Girmens JF, van Overdam KA, Wolf A, Hornig R, Corazzol M, Brodie F, Olmos de Koo L, Palanker D, Sahel JA.",N Engl J Med. 2025 Oct 20:10.1056/NEJMoa2501396. doi: 10.1056/NEJMoa2501396. Online ahead of print.,Holz FG,N Engl J Med,2025,2025/10/22,PMC7618305,EMS207931,10.1056/NEJMoa2501396,25
39465900,APOL1 Bi- and Monoallelic Variants and Chronic Kidney Disease in West Africans,"Gbadegesin RA, Ulasi I, Ajayi S, Raji Y, Olanrewaju T, Osafo C, Ademola AD, Asinobi A, Winkler CA, Burke D, Arogundade F, Ekem I, Plange-Rhule J, Mamven M, Matekole M, Amodu O, Cooper R, Antwi S, Adeyemo AA, Ilori TO, Adabayeri V, Nyarko A, Ghansah A, Amira T, Solarin A, Awobusuyi O, Kimmel PL, Brosius FC, Makusidi M, Odenigbo U, Kretzler M, Hodgin JB, Pollak MR, Boima V, Freedman BI, Palmer ND, Collins B, Phadnis M, Smith J, Agwai CI, Okoye O, Abdu A, Wilson J, Williams W, Salako BL, Parekh RS, Tayo B, Adu D, Ojo A; H3Africa Kidney Disease Research Network.",N Engl J Med. 2025 Jan 16;392(3):228-238. doi: 10.1056/NEJMoa2404211. Epub 2024 Oct 26.,Gbadegesin RA,N Engl J Med,2025,2024/10/28,PMC11735277,NIHMS2022401,10.1056/NEJMoa2404211,49
38507752,Intrathecal Gene Therapy for Giant Axonal Neuropathy,"Bharucha-Goebel DX, Todd JJ, Saade D, Norato G, Jain M, Lehky T, Bailey RM, Chichester JA, Calcedo R, Armao D, Foley AR, Mohassel P, Tesfaye E, Carlin BP, Seremula B, Waite M, Zein WM, Huryn LA, Crawford TO, Sumner CJ, Hoke A, Heiss JD, Charnas L, Hooper JE, Bouldin TW, Kang EM, Rybin D, Gray SJ, Bönnemann CG; GAN Trial Team.",N Engl J Med. 2024 Mar 21;390(12):1092-1104. doi: 10.1056/NEJMoa2307952.,Bharucha-Goebel DX,N Engl J Med,2024,2024/03/20,PMC11973737,NIHMS2065177,10.1056/NEJMoa2307952,29
38899694,APOE3 Christchurch Heterozygosity and Autosomal Dominant Alzheimer's Disease,"Quiroz YT, Aguillon D, Aguirre-Acevedo DC, Vasquez D, Zuluaga Y, Baena AY, Madrigal L, Hincapié L, Sanchez JS, Langella S, Posada-Duque R, Littau JL, Villalba-Moreno ND, Vila-Castelar C, Ramirez Gomez L, Garcia G, Kaplan E, Rassi Vargas S, Ossa JA, Valderrama-Carmona P, Perez-Corredor P, Krasemann S, Glatzel M, Kosik KS, Johnson K, Sperling RA, Reiman EM, Sepulveda-Falla D, Lopera F, Arboleda-Velasquez JF.",N Engl J Med. 2024 Jun 20;390(23):2156-2164. doi: 10.1056/NEJMoa2308583.,Quiroz YT,N Engl J Med,2024,2024/06/20,PMC12640232,NIHMS2112807,10.1056/NEJMoa2308583,30
41124632,Common Diseases in Clinical Cohorts - Not Always What They Seem,"Rahimov F, Jacobs BM, Lee JS, Mahi NA, Blumenfeld A, Alsheikh AJ, Abbasi A, Reppell M, Pivorunas VL, Sigurðsson HJ, Sawcer S, Guay H, Waring JF, Jacob HJ, Smaoui N.",N Engl J Med. 2025 Oct 23;393(16):1589-1598. doi: 10.1056/NEJMoa2405459.,Rahimov F,N Engl J Med,2025,2025/10/22,,,10.1056/NEJMoa2405459,15
41092330,Long-Term Safety and Efficacy of Gene Therapy for Adenosine Deaminase Deficiency,"Booth C, Masiuk K, Vazouras K, Fernandes A, Xu-Bayford J, Campo Fernandez B, Roy S, Curio-Penny B, Arnold J, Terrazas D, Reid J, Gilmour KC, Adams S, Alvarez Mediavilla E, Mhaldien L, O'Toole G, Ahmed R, Garabedian E, Malech H, De Ravin SS, Moore TB, De Oliveira S, Pellin D, Lin TY, Dang TT, Cornetta K, Hershfield MS, Hara H, Thrasher AJ, Gaspar HB, Kohn DB.",N Engl J Med. 2025 Oct 16;393(15):1486-1497. doi: 10.1056/NEJMoa2502754.,Booth C,N Engl J Med,2025,2025/10/15,,,10.1056/NEJMoa2502754,31
40902162,Monoclonal Antibodies in the Pathogenesis of Heparin-Induced Thrombocytopenia,"Treverton J, Arnold DM, Ivanov DG, Ivetic N, Zhang Y, Ali HA, Clare R, Kaltashov IA, Kelton JG, Nazy I.",N Engl J Med. 2025 Sep 4;393(9):879-886. doi: 10.1056/NEJMoa2507175.,Treverton J,N Engl J Med,2025,2025/09/03,PMC12494375,NIHMS2087514,10.1056/NEJMoa2507175,10
41124201,Improved Survival with Enzalutamide in Biochemically Recurrent Prostate Cancer,"Shore ND, Luz MA, De Giorgi U, Gleave M, Gotto GT, Pieczonka CM, Haas GP, Kim CS, Ramirez-Backhaus M, Rannikko A, Kalac M, Sridharan S, Rosales M, Tang Y, Tutrone RF Jr, Venugopal B, Villers A, Woo HH, Wang F, Freedland SJ.",N Engl J Med. 2025 Oct 19. doi: 10.1056/NEJMoa2510310. Online ahead of print.,Shore ND,N Engl J Med,2025,2025/10/22,,,10.1056/NEJMoa2510310,20
40073309,Incidence of Scrub Typhus in Rural South India,"Devamani C, Alexander N, Chandramohan D, Stenos J, Cameron M, Abhilash KPP, Mangtani P, Blacksell S, Vu HTT, Rose W, Schmidt WP.",N Engl J Med. 2025 Mar 13;392(11):1089-1099. doi: 10.1056/NEJMoa2408645.,Devamani C,N Engl J Med,2025,2025/03/12,PMC7617504,EMS202091,10.1056/NEJMoa2408645,11
41124198,Nivolumab for Resected Stage III or IV Melanoma at 9 Years,"Ascierto PA, Del Vecchio M, Merelli B, Gogas H, Arance AM, Dalle S, Cowey CL, Schenker M, Gaudy-Marqueste C, Pigozzo J, Márquez-Rodas I, Butler MO, Di Giacomo AM, Gligich O, De La Cruz-Merino L, Arenberger P, Atkinson V, Nathan P, Hill A, Millward M, Fecher LA, Khushalani NI, Queirolo P, Soomro R, Rathod D, Askelson M, Pe Benito M, Joseph D, Larkin J.",N Engl J Med. 2025 Oct 18. doi: 10.1056/NEJMoa2504966. Online ahead of print.,Ascierto PA,N Engl J Med,2025,2025/10/22,,,10.1056/NEJMoa2504966,29
39887004,Evolving Epidemiology of Mpox in Africa in 2024,"Ndembi N, Folayan MO, Komakech A, Mercy K, Tessema S, Mbala-Kingebeni P, Ngandu C, Ngongo N, Kaseya J, Abdool Karim SS.",N Engl J Med. 2025 Feb 13;392(7):666-676. doi: 10.1056/NEJMoa2411368. Epub 2025 Jan 29.,Ndembi N,N Engl J Med,2025,2025/01/31,,,10.1056/NEJMoa2411368,10
41358585,Final Analysis of a Study of Etranacogene Dezaparvovec for Hemophilia B,"Pipe SW, Miesbach W, Recht M, Leebeek FWG, Key NS, Castaman G, Lattimore S, Coppens M, Le Quellec S, Mahajan V, Gill S, Drelich D, Monahan PE; HOPE-B Study Group Investigators.",N Engl J Med. 2025 Dec 7. doi: 10.1056/NEJMoa2514332. Online ahead of print.,Pipe SW,N Engl J Med,2025,2025/12/08,,,10.1056/NEJMoa2514332,13
41211943,A Phase 2 Trial of Tobevibart plus Elebsiran in Hepatitis D,"Asselah T, Chattergoon MA, Jucov A, Streinu-Cercel A, Lampertico P, Wedemeyer H, Kennedy PT, Gane EJ, Bullard BL, Chow S, Santos D, Camus G, Lu Y, Pilowa C, Hwang C, Correll T, Agarwal K; SOLSTICE Trial Investigators.",N Engl J Med. 2025 Nov 9. doi: 10.1056/NEJMoa2508827. Online ahead of print.,Asselah T,N Engl J Med,2025,2025/11/10,,,10.1056/NEJMoa2508827,17
41358590,Prime Editing for p47(phox)-Deficient Chronic Granulomatous Disease,"Gori JL, Haddad E, Frangoul H, Kohn DB, Morris EC, Martin BN, Deary BA, Nickerson M, Scholz RL, Fernandez I, Leveille K, De Ravin SS, Kang EM, Pierzynski M, Estwick T, Littel P, Kuhns DB, Long Priel DA, Teira P, Turvey S, Arnold J, Evans MD, McManus M, Carpenter B, Waterman DP, Anzalone AV, Petrusich A, Osuna CE, O'Malley TT, Stewart-Ornstein J, Heath JM, Nehilla BJ, Asmal M, Malech HL.",N Engl J Med. 2025 Dec 7. doi: 10.1056/NEJMoa2509807. Online ahead of print.,Gori JL,N Engl J Med,2025,2025/12/08,,,10.1056/NEJMoa2509807,34
38324485,Neurovascular Complications of Iatrogenic Fusarium solani Meningitis,"Strong N, Meeks G, Sheth SA, McCullough L, Villalba JA, Tan C, Barreto A, Wanger A, McDonald M, Kan P, Shaltoni H, Campo Maldonado J, Parada V, Hassan AE, Reagan-Steiner S, Chiller T, Gold JAW, Smith DJ, Ostrosky-Zeichner L.",N Engl J Med. 2024 Feb 8;390(6):522-529. doi: 10.1056/NEJMoa2308192.,Strong N,N Engl J Med,2024,2024/02/07,PMC11905984,NIHMS2063674,10.1056/NEJMoa2308192,19
40929633,"Marburg Virus Disease in Rwanda, 2024 - Public Health and Clinical Responses","Nsanzimana S, Remera E, Nkeshimana M, Westergaard RP, Firew T, Semakula M, Seruyange E, Neil KL, Kreuger MJ, Bekele A, Biramahire J, Bizimana A, Chirombo B, Diaz J, Dushimimana G, Fischer WA 2nd, Fletcher TE, Fowler R, Gatera MR, Giuliani R, Goldberg J, Hakorimana F, Hatchett R, Ingabire Z, Ingabire L, Ishimwe A, Isingizwe G, Jacquerioz F, Kayigi E, Kazindu S, Manirafasha A, Mills EJ, Mugabo H, Mukagatare I, Murayire J, Musanabaganwa C, Mushuru E, Mutesa L, Muvunyi CM, Muvunyi R, Mwiseneza L, Nahayo E, Ndayiragije V, Ndayisabye H, Ndayishimiye GS, Ngabonziza JCS, Niwemuhoza MG, Niyigaba N, Niyonshuti P, Niyonizeye MG, Nsekuye O, Ntakambirwa DK, Ntawuyirusha E, Ntihumbya JB, Nyirigira G, Rojek A, Rukundo A, Rwabihama JP, Rwamwejo F, Shumbusho G, Sibomana JP, Turatsinze D, Uwamahoro DL, Uwimana FX, Butera Y, Twagirumugabe T, Rwagasore E; Rwanda MVD Outbreak Response Team.",N Engl J Med. 2025 Sep 11;393(10):983-993. doi: 10.1056/NEJMoa2415816.,Nsanzimana S,N Engl J Med,2025,2025/09/10,,,10.1056/NEJMoa2415816,67
37754284,Increasing Prevalence of Artemisinin-Resistant HRP2-Negative Malaria in Eritrea,"Mihreteab S, Platon L, Berhane A, Stokes BH, Warsame M, Campagne P, Criscuolo A, Ma L, Petiot N, Doderer-Lang C, Legrand E, Ward KE, Zehaie Kassahun A, Ringwald P, Fidock DA, Ménard D.",N Engl J Med. 2023 Sep 28;389(13):1191-1202. doi: 10.1056/NEJMoa2210956.,Mihreteab S,N Engl J Med,2023,2023/09/27,PMC10539021,NIHMS1919039,10.1056/NEJMoa2210956,16
37611122,Evolution of Partial Resistance to Artemisinins in Malaria Parasites in Uganda,"Conrad MD, Asua V, Garg S, Giesbrecht D, Niaré K, Smith S, Namuganga JF, Katairo T, Legac J, Crudale RM, Tumwebaze PK, Nsobya SL, Cooper RA, Kamya MR, Dorsey G, Bailey JA, Rosenthal PJ.",N Engl J Med. 2023 Aug 24;389(8):722-732. doi: 10.1056/NEJMoa2211803.,Conrad MD,N Engl J Med,2023,2023/08/23,PMC10513755,NIHMS1927371,10.1056/NEJMoa2211803,17
37585627,Omitting Radiotherapy after Breast-Conserving Surgery in Luminal A Breast Cancer,"Whelan TJ, Smith S, Parpia S, Fyles AW, Bane A, Liu FF, Rakovitch E, Chang L, Stevens C, Bowen J, Provencher S, Théberge V, Mulligan AM, Kos Z, Akra MA, Voduc KD, Hijal T, Dayes IS, Pond G, Wright JR, Nielsen TO, Levine MN; LUMINA Study Investigators.",N Engl J Med. 2023 Aug 17;389(7):612-619. doi: 10.1056/NEJMoa2302344.,Whelan TJ,N Engl J Med,2023,2023/08/16,,,10.1056/NEJMoa2302344,22
37140166,Familial Clonal Hematopoiesis in a Long Telomere Syndrome,"DeBoy EA, Tassia MG, Schratz KE, Yan SM, Cosner ZL, McNally EJ, Gable DL, Xiang Z, Lombard DB, Antonarakis ES, Gocke CD, McCoy RC, Armanios M.",N Engl J Med. 2023 Jun 29;388(26):2422-2433. doi: 10.1056/NEJMoa2300503. Epub 2023 May 4.,DeBoy EA,N Engl J Med,2023,2023/05/04,PMC10501156,NIHMS1916839,10.1056/NEJMoa2300503,13
35939579,Germline Mutations in CIDEB and Protection against Liver Disease,"Verweij N, Haas ME, Nielsen JB, Sosina OA, Kim M, Akbari P, De T, Hindy G, Bovijn J, Persaud T, Miloscio L, Germino M, Panagis L, Watanabe K, Mbatchou J, Jones M, LeBlanc M, Balasubramanian S, Lammert C, Enhörning S, Melander O, Carey DJ, Still CD, Mirshahi T, Rader DJ, Parasoglou P, Walls JR, Overton JD, Reid JG, Economides A, Cantor MN, Zambrowicz B, Murphy AJ, Abecasis GR, Ferreira MAR, Smagris E, Gusarova V, Sleeman M, Yancopoulos GD, Marchini J, Kang HM, Karalis K, Shuldiner AR, Della Gatta G, Locke AE, Baras A, Lotta LA.",N Engl J Med. 2022 Jul 28;387(4):332-344. doi: 10.1056/NEJMoa2117872.,Verweij N,N Engl J Med,2022,2022/08/08,,,10.1056/NEJMoa2117872,47
35857701,Effectiveness of BNT162b2 Vaccine against Omicron in Children 5 to 11 Years of Age,"Tan SHX, Cook AR, Heng D, Ong B, Lye DC, Tan KB.",N Engl J Med. 2022 Aug 11;387(6):525-532. doi: 10.1056/NEJMoa2203209. Epub 2022 Jul 20.,Tan SHX,N Engl J Med,2022,2022/07/20,PMC9342421,,10.1056/NEJMoa2203209,6
35767475,BNT162b2 Vaccine Effectiveness against Omicron in Children 5 to 11 Years of Age,"Cohen-Stavi CJ, Magen O, Barda N, Yaron S, Peretz A, Netzer D, Giaquinto C, Judd A, Leibovici L, Hernán MA, Lipsitch M, Reis BY, Balicer RD, Dagan N.",N Engl J Med. 2022 Jul 21;387(3):227-236. doi: 10.1056/NEJMoa2205011. Epub 2022 Jun 29.,Cohen-Stavi CJ,N Engl J Med,2022,2022/06/29,PMC9258754,,10.1056/NEJMoa2205011,14
35249272,Covid-19 Vaccine Effectiveness against the Omicron (B.1.1.529) Variant,"Andrews N, Stowe J, Kirsebom F, Toffa S, Rickeard T, Gallagher E, Gower C, Kall M, Groves N, O'Connell AM, Simons D, Blomquist PB, Zaidi A, Nash S, Iwani Binti Abdul Aziz N, Thelwall S, Dabrera G, Myers R, Amirthalingam G, Gharbia S, Barrett JC, Elson R, Ladhani SN, Ferguson N, Zambon M, Campbell CNJ, Brown K, Hopkins S, Chand M, Ramsay M, Lopez Bernal J.",N Engl J Med. 2022 Apr 21;386(16):1532-1546. doi: 10.1056/NEJMoa2119451. Epub 2022 Mar 2.,Andrews N,N Engl J Med,2022,2022/03/06,PMC8908811,,10.1056/NEJMoa2119451,31
35235725,High-Sensitivity Troponin I after Cardiac Surgery and 30-Day Mortality,"Devereaux PJ, Lamy A, Chan MTV, Allard RV, Lomivorotov VV, Landoni G, Zheng H, Paparella D, McGillion MH, Belley-Côté EP, Parlow JL, Underwood MJ, Wang CY, Dvirnik N, Abubakirov M, Fominskiy E, Choi S, Fremes S, Monaco F, Urrútia G, Maestre M, Hajjar LA, Hillis GS, Mills NL, Margari V, Mills JD, Billing JS, Methangkool E, Polanczyk CA, Sant'Anna R, Shukevich D, Conen D, Kavsak PA, McQueen MJ, Brady K, Spence J, Le Manach Y, Mian R, Lee SF, Bangdiwala SI, Hussain S, Borges FK, Pettit S, Vincent J, Guyatt GH, Yusuf S, Alpert JS, White HD, Whitlock RP; VISION Cardiac Surgery Investigators.",N Engl J Med. 2022 Mar 3;386(9):827-836. doi: 10.1056/NEJMoa2000803.,Devereaux PJ,N Engl J Med,2022,2022/03/02,,,10.1056/NEJMoa2000803,49
35172072,Effectiveness of the BNT162b2 Vaccine after Recovery from Covid-19,"Hammerman A, Sergienko R, Friger M, Beckenstein T, Peretz A, Netzer D, Yaron S, Arbel R.",N Engl J Med. 2022 Mar 31;386(13):1221-1229. doi: 10.1056/NEJMoa2119497. Epub 2022 Feb 16.,Hammerman A,N Engl J Med,2022,2022/02/16,PMC8908846,,10.1056/NEJMoa2119497,8
35108469,Mosquito Net Use in Early Childhood and Survival to Adulthood in Tanzania,"Fink G, Mrema S, Abdulla S, Kachur SP, Khatib R, Lengeler C, Masanja H, Okumu F, Schellenberg J.",N Engl J Med. 2022 Feb 3;386(5):428-436. doi: 10.1056/NEJMoa2112524.,Fink G,N Engl J Med,2022,2022/02/02,,,10.1056/NEJMoa2112524,9
34879188,Protection against Covid-19 by BNT162b2 Booster across Age Groups,"Bar-On YM, Goldberg Y, Mandel M, Bodenheimer O, Freedman L, Alroy-Preis S, Ash N, Huppert A, Milo R.",N Engl J Med. 2021 Dec 23;385(26):2421-2430. doi: 10.1056/NEJMoa2115926. Epub 2021 Dec 8.,Bar-On YM,N Engl J Med,2021,2021/12/08,PMC8728796,,10.1056/NEJMoa2115926,9
34706170,Waning Immunity after the BNT162b2 Vaccine in Israel,"Goldberg Y, Mandel M, Bar-On YM, Bodenheimer O, Freedman L, Haas EJ, Milo R, Alroy-Preis S, Ash N, Huppert A.",N Engl J Med. 2021 Dec 9;385(24):e85. doi: 10.1056/NEJMoa2114228. Epub 2021 Oct 27.,Goldberg Y,N Engl J Med,2021,2021/10/27,PMC8609604,,10.1056/NEJMoa2114228,10
34670043,Prospective Study of Outcomes in Adults with Nonalcoholic Fatty Liver Disease,"Sanyal AJ, Van Natta ML, Clark J, Neuschwander-Tetri BA, Diehl A, Dasarathy S, Loomba R, Chalasani N, Kowdley K, Hameed B, Wilson LA, Yates KP, Belt P, Lazo M, Kleiner DE, Behling C, Tonascia J; NASH Clinical Research Network (CRN).",N Engl J Med. 2021 Oct 21;385(17):1559-1569. doi: 10.1056/NEJMoa2029349.,Sanyal AJ,N Engl J Med,2021,2021/10/20,PMC8881985,NIHMS1754375,10.1056/NEJMoa2029349,17
34614328,Myocarditis after BNT162b2 mRNA Vaccine against Covid-19 in Israel,"Mevorach D, Anis E, Cedar N, Bromberg M, Haas EJ, Nadir E, Olsha-Castell S, Arad D, Hasin T, Levi N, Asleh R, Amir O, Meir K, Cohen D, Dichtiar R, Novick D, Hershkovitz Y, Dagan R, Leitersdorf I, Ben-Ami R, Miskin I, Saliba W, Muhsen K, Levi Y, Green MS, Keinan-Boker L, Alroy-Preis S.",N Engl J Med. 2021 Dec 2;385(23):2140-2149. doi: 10.1056/NEJMoa2109730. Epub 2021 Oct 6.,Mevorach D,N Engl J Med,2021,2021/10/06,PMC8531987,,10.1056/NEJMoa2109730,27
34614327,Waning of BNT162b2 Vaccine Protection against SARS-CoV-2 Infection in Qatar,"Chemaitelly H, Tang P, Hasan MR, AlMukdad S, Yassine HM, Benslimane FM, Al Khatib HA, Coyle P, Ayoub HH, Al Kanaani Z, Al Kuwari E, Jeremijenko A, Kaleeckal AH, Latif AN, Shaik RM, Abdul Rahim HF, Nasrallah GK, Al Kuwari MG, Al Romaihi HE, Butt AA, Al-Thani MH, Al Khal A, Bertollini R, Abu-Raddad LJ.",N Engl J Med. 2021 Dec 9;385(24):e83. doi: 10.1056/NEJMoa2114114. Epub 2021 Oct 6.,Chemaitelly H,N Engl J Med,2021,2021/10/06,PMC8522799,,10.1056/NEJMoa2114114,24
34551228,Evidence of Artemisinin-Resistant Malaria in Africa,"Balikagala B, Fukuda N, Ikeda M, Katuro OT, Tachibana SI, Yamauchi M, Opio W, Emoto S, Anywar DA, Kimura E, Palacpac NMQ, Odongo-Aginya EI, Ogwang M, Horii T, Mita T.",N Engl J Med. 2021 Sep 23;385(13):1163-1171. doi: 10.1056/NEJMoa2101746.,Balikagala B,N Engl J Med,2021,2021/09/22,,,10.1056/NEJMoa2101746,15
34525275,Protection of BNT162b2 Vaccine Booster against Covid-19 in Israel,"Bar-On YM, Goldberg Y, Mandel M, Bodenheimer O, Freedman L, Kalkstein N, Mizrahi B, Alroy-Preis S, Ash N, Milo R, Huppert A.",N Engl J Med. 2021 Oct 7;385(15):1393-1400. doi: 10.1056/NEJMoa2114255. Epub 2021 Sep 15.,Bar-On YM,N Engl J Med,2021,2021/09/15,PMC8461568,,10.1056/NEJMoa2114255,11
34289274,Effectiveness of Covid-19 Vaccines against the B.1.617.2 (Delta) Variant,"Lopez Bernal J, Andrews N, Gower C, Gallagher E, Simmons R, Thelwall S, Stowe J, Tessier E, Groves N, Dabrera G, Myers R, Campbell CNJ, Amirthalingam G, Edmunds M, Zambon M, Brown KE, Hopkins S, Chand M, Ramsay M.",N Engl J Med. 2021 Aug 12;385(7):585-594. doi: 10.1056/NEJMoa2108891. Epub 2021 Jul 21.,Lopez Bernal J,N Engl J Med,2021,2021/07/21,PMC8314739,,10.1056/NEJMoa2108891,19
34260835,Neuroprosthesis for Decoding Speech in a Paralyzed Person with Anarthria,"Moses DA, Metzger SL, Liu JR, Anumanchipalli GK, Makin JG, Sun PF, Chartier J, Dougherty ME, Liu PM, Abrams GM, Tu-Chan A, Ganguly K, Chang EF.",N Engl J Med. 2021 Jul 15;385(3):217-227. doi: 10.1056/NEJMoa2027540.,Moses DA,N Engl J Med,2021,2021/07/14,PMC8972947,NIHMS1735231,10.1056/NEJMoa2027540,13
34233097,Effectiveness of an Inactivated SARS-CoV-2 Vaccine in Chile,"Jara A, Undurraga EA, González C, Paredes F, Fontecilla T, Jara G, Pizarro A, Acevedo J, Leo K, Leon F, Sans C, Leighton P, Suárez P, García-Escorza H, Araos R.",N Engl J Med. 2021 Sep 2;385(10):875-884. doi: 10.1056/NEJMoa2107715. Epub 2021 Jul 7.,Jara A,N Engl J Med,2021,2021/07/07,PMC8279092,,10.1056/NEJMoa2107715,15
34192428,Prevention and Attenuation of Covid-19 with the BNT162b2 and mRNA-1273 Vaccines,"Thompson MG, Burgess JL, Naleway AL, Tyner H, Yoon SK, Meece J, Olsho LEW, Caban-Martinez AJ, Fowlkes AL, Lutrick K, Groom HC, Dunnigan K, Odean MJ, Hegmann K, Stefanski E, Edwards LJ, Schaefer-Solle N, Grant L, Ellingson K, Kuntz JL, Zunie T, Thiese MS, Ivacic L, Wesley MG, Mayo Lamberte J, Sun X, Smith ME, Phillips AL, Groover KD, Yoo YM, Gerald J, Brown RT, Herring MK, Joseph G, Beitel S, Morrill TC, Mak J, Rivers P, Poe BP, Lynch B, Zhou Y, Zhang J, Kelleher A, Li Y, Dickerson M, Hanson E, Guenther K, Tong S, Bateman A, Reisdorf E, Barnes J, Azziz-Baumgartner E, Hunt DR, Arvay ML, Kutty P, Fry AM, Gaglani M.",N Engl J Med. 2021 Jul 22;385(4):320-329. doi: 10.1056/NEJMoa2107058. Epub 2021 Jun 30.,Thompson MG,N Engl J Med,2021,2021/06/30,PMC8262622,,10.1056/NEJMoa2107058,57
34161705,Developmental Consequences of Defective ATG7-Mediated Autophagy in Humans,"Collier JJ, Guissart C, Oláhová M, Sasorith S, Piron-Prunier F, Suomi F, Zhang D, Martinez-Lopez N, Leboucq N, Bahr A, Azzarello-Burri S, Reich S, Schöls L, Polvikoski TM, Meyer P, Larrieu L, Schaefer AM, Alsaif HS, Alyamani S, Zuchner S, Barbosa IA, Deshpande C, Pyle A, Rauch A, Synofzik M, Alkuraya FS, Rivier F, Ryten M, McFarland R, Delahodde A, McWilliams TG, Koenig M, Taylor RW.",N Engl J Med. 2021 Jun 24;384(25):2406-2417. doi: 10.1056/NEJMoa1915722.,Collier JJ,N Engl J Med,2021,2021/06/23,PMC7611730,EMS133246,10.1056/NEJMoa1915722,33
34133860,"Sudden Cardiac Death and Myocardial Fibrosis, Determined by Autopsy, in Persons with HIV","Tseng ZH, Moffatt E, Kim A, Vittinghoff E, Ursell P, Connolly A, Olgin JE, Wong JK, Hsue PY.",N Engl J Med. 2021 Jun 17;384(24):2306-2316. doi: 10.1056/NEJMoa1914279.,Tseng ZH,N Engl J Med,2021,2021/06/16,PMC8415173,NIHMS1734937,10.1056/NEJMoa1914279,9
34133854,Treatment of Multisystem Inflammatory Syndrome in Children,"McArdle AJ, Vito O, Patel H, Seaby EG, Shah P, Wilson C, Broderick C, Nijman R, Tremoulet AH, Munblit D, Ulloa-Gutierrez R, Carter MJ, De T, Hoggart C, Whittaker E, Herberg JA, Kaforou M, Cunnington AJ, Levin M; BATS Consortium.",N Engl J Med. 2021 Jul 1;385(1):11-22. doi: 10.1056/NEJMoa2102968. Epub 2021 Jun 16.,McArdle AJ,N Engl J Med,2021,2021/06/16,PMC8220965,EMS126605,10.1056/NEJMoa2102968,19
33471991,"Breast Cancer Risk Genes - Association Analysis in More than 113,000 Women","Breast Cancer Association Consortium; Dorling L, Carvalho S, Allen J, González-Neira A, Luccarini C, Wahlström C, Pooley KA, Parsons MT, Fortuno C, Wang Q, Bolla MK, Dennis J, Keeman R, Alonso MR, Álvarez N, Herraez B, Fernandez V, Núñez-Torres R, Osorio A, Valcich J, Li M, Törngren T, Harrington PA, Baynes C, Conroy DM, Decker B, Fachal L, Mavaddat N, Ahearn T, Aittomäki K, Antonenkova NN, Arnold N, Arveux P, Ausems MGEM, Auvinen P, Becher H, Beckmann MW, Behrens S, Bermisheva M, Białkowska K, Blomqvist C, Bogdanova NV, Bogdanova-Markov N, Bojesen SE, Bonanni B, Børresen-Dale AL, Brauch H, Bremer M, Briceno I, Brüning T, Burwinkel B, Cameron DA, Camp NJ, Campbell A, Carracedo A, Castelao JE, Cessna MH, Chanock SJ, Christiansen H, Collée JM, Cordina-Duverger E, Cornelissen S, Czene K, Dörk T, Ekici AB, Engel C, Eriksson M, Fasching PA, Figueroa J, Flyger H, Försti A, Gabrielson M, Gago-Dominguez M, Georgoulias V, Gil F, Giles GG, Glendon G, Garcia EBG, Alnæs GIG, Guénel P, Hadjisavvas A, Haeberle L, Hahnen E, Hall P, Hamann U, Harkness EF, Hartikainen JM, Hartman M, He W, Heemskerk-Gerritsen BAM, Hillemanns P, Hogervorst FBL, Hollestelle A, Ho WK, Hooning MJ, Howell A, Humphreys K, Idris F, Jakubowska A, et al.",N Engl J Med. 2021 Feb 4;384(5):428-439. doi: 10.1056/NEJMoa1913948. Epub 2021 Jan 20.,Breast Cancer Association Consortium,N Engl J Med,2021,2021/01/20,PMC7611105,EMS127079,10.1056/NEJMoa1913948,100
38354141,"High-Dose ERT, Rituximab, and Early HSCT in an Infant with Wolman's Disease","Eskandari SK, Revenich EGM, Pot DJ, de Boer F, Bierings M, van Spronsen FJ, van Hasselt PM, Lindemans CA, Lubout CMA.",N Engl J Med. 2024 Feb 15;390(7):623-629. doi: 10.1056/NEJMoa2313398.,Eskandari SK,N Engl J Med,2024,2024/02/14,,,10.1056/NEJMoa2313398,9
37632466,Global Effect of Modifiable Risk Factors on Cardiovascular Disease and Mortality,"Global Cardiovascular Risk Consortium; Magnussen C, Ojeda FM, Leong DP, Alegre-Diaz J, Amouyel P, Aviles-Santa L, De Bacquer D, Ballantyne CM, Bernabé-Ortiz A, Bobak M, Brenner H, Carrillo-Larco RM, de Lemos J, Dobson A, Dörr M, Donfrancesco C, Drygas W, Dullaart RP, Engström G, Ferrario MM, Ferrières J, de Gaetano G, Goldbourt U, Gonzalez C, Grassi G, Hodge AM, Hveem K, Iacoviello L, Ikram MK, Irazola V, Jobe M, Jousilahti P, Kaleebu P, Kavousi M, Kee F, Khalili D, Koenig W, Kontsevaya A, Kuulasmaa K, Lackner KJ, Leistner DM, Lind L, Linneberg A, Lorenz T, Lyngbakken MN, Malekzadeh R, Malyutina S, Mathiesen EB, Melander O, Metspalu A, Miranda JJ, Moitry M, Mugisha J, Nalini M, Nambi V, Ninomiya T, Oppermann K, d'Orsi E, Pająk A, Palmieri L, Panagiotakos D, Perianayagam A, Peters A, Poustchi H, Prentice AM, Prescott E, Risérus U, Salomaa V, Sans S, Sakata S, Schöttker B, Schutte AE, Sepanlou SG, Sharma SK, Shaw JE, Simons LA, Söderberg S, Tamosiunas A, Thorand B, Tunstall-Pedoe H, Twerenbold R, Vanuzzo D, Veronesi G, Waibel J, Wannamethee SG, Watanabe M, Wild PS, Yao Y, Zeng Y, Ziegler A, Blankenberg S.",N Engl J Med. 2023 Oct 5;389(14):1273-1285. doi: 10.1056/NEJMoa2206916. Epub 2023 Aug 26.,Global Cardiovascular Risk Consortium,N Engl J Med,2023,2023/08/26,PMC10589462,NIHMS1931665,10.1056/NEJMoa2206916,91
37314706,"Rare Antagonistic Leptin Variants and Severe, Early-Onset Obesity","Funcke JB, Moepps B, Roos J, von Schnurbein J, Verstraete K, Fröhlich-Reiterer E, Kohlsdorf K, Nunziata A, Brandt S, Tsirigotaki A, Dansercoer A, Suppan E, Haris B, Debatin KM, Savvides SN, Farooqi IS, Hussain K, Gierschik P, Fischer-Posovszky P, Wabitsch M.",N Engl J Med. 2023 Jun 15;388(24):2253-2261. doi: 10.1056/NEJMoa2204041.,Funcke JB,N Engl J Med,2023,2023/06/14,,,10.1056/NEJMoa2204041,20
36300974,Neonatal Docosahexaenoic Acid in Preterm Infants and Intelligence at 5 Years,"Gould JF, Makrides M, Gibson RA, Sullivan TR, McPhee AJ, Anderson PJ, Best KP, Sharp M, Cheong JLY, Opie GF, Travadi J, Bednarz JM, Davis PG, Simmer K, Doyle LW, Collins CT.",N Engl J Med. 2022 Oct 27;387(17):1579-1588. doi: 10.1056/NEJMoa2206868.,Gould JF,N Engl J Med,2022,2022/10/27,,,10.1056/NEJMoa2206868,16
36300973,Racial and Ethnic Differences in Bystander CPR for Witnessed Cardiac Arrest,"Garcia RA, Spertus JA, Girotra S, Nallamothu BK, Kennedy KF, McNally BF, Breathett K, Del Rios M, Sasson C, Chan PS.",N Engl J Med. 2022 Oct 27;387(17):1569-1578. doi: 10.1056/NEJMoa2200798.,Garcia RA,N Engl J Med,2022,2022/10/27,PMC9760357,NIHMS1852957,10.1056/NEJMoa2200798,10
36001529,Nirmatrelvir Use and Severe Covid-19 Outcomes during the Omicron Surge,"Arbel R, Wolff Sagy Y, Hoshen M, Battat E, Lavie G, Sergienko R, Friger M, Waxman JG, Dagan N, Balicer R, Ben-Shlomo Y, Peretz A, Yaron S, Serby D, Hammerman A, Netzer D.",N Engl J Med. 2022 Sep 1;387(9):790-798. doi: 10.1056/NEJMoa2204919. Epub 2022 Aug 24.,Arbel R,N Engl J Med,2022,2022/08/24,PMC9454652,,10.1056/NEJMoa2204919,16
35704480,Chapare Hemorrhagic Fever and Virus Detection in Rodents in Bolivia in 2019,"Loayza Mafayle R, Morales-Betoulle ME, Romero C, Cossaboom CM, Whitmer S, Alvarez Aguilera CE, Avila Ardaya C, Cruz Zambrana M, Dávalos Anajia A, Mendoza Loayza N, Montaño AM, Morales Alvis FL, Revollo Guzmán J, Sasías Martínez S, Alarcón De La Vega G, Medina Ramírez A, Molina Gutiérrez JT, Cornejo Pinto AJ, Salas Bacci R, Brignone J, Garcia J, Añez A, Mendez-Rico J, Luz K, Segales A, Torrez Cruz KM, Valdivia-Cayoja A, Amman BR, Choi MJ, Erickson BR, Goldsmith C, Graziano JC, Joyce A, Klena JD, Leach A, Malenfant JH, Nichol ST, Patel K, Sealy T, Shoemaker T, Spiropoulou CF, Todres A, Towner JS, Montgomery JM.",N Engl J Med. 2022 Jun 16;386(24):2283-2294. doi: 10.1056/NEJMoa2110339.,Loayza Mafayle R,N Engl J Med,2022,2022/06/15,PMC10245337,NIHMS1900545,10.1056/NEJMoa2110339,44
35704396,Effects of Previous Infection and Vaccination on Symptomatic Omicron Infections,"Altarawneh HN, Chemaitelly H, Ayoub HH, Tang P, Hasan MR, Yassine HM, Al-Khatib HA, Smatti MK, Coyle P, Al-Kanaani Z, Al-Kuwari E, Jeremijenko A, Kaleeckal AH, Latif AN, Shaik RM, Abdul-Rahim HF, Nasrallah GK, Al-Kuwari MG, Butt AA, Al-Romaihi HE, Al-Thani MH, Al-Khal A, Bertollini R, Abu-Raddad LJ.",N Engl J Med. 2022 Jul 7;387(1):21-34. doi: 10.1056/NEJMoa2203965. Epub 2022 Jun 15.,Altarawneh HN,N Engl J Med,2022,2022/06/15,PMC9258753,,10.1056/NEJMoa2203965,24
35263534,Effect of mRNA Vaccine Boosters against SARS-CoV-2 Omicron Infection in Qatar,"Abu-Raddad LJ, Chemaitelly H, Ayoub HH, AlMukdad S, Yassine HM, Al-Khatib HA, Smatti MK, Tang P, Hasan MR, Coyle P, Al-Kanaani Z, Al-Kuwari E, Jeremijenko A, Kaleeckal AH, Latif AN, Shaik RM, Abdul-Rahim HF, Nasrallah GK, Al-Kuwari MG, Butt AA, Al-Romaihi HE, Al-Thani MH, Al-Khal A, Bertollini R.",N Engl J Med. 2022 May 12;386(19):1804-1816. doi: 10.1056/NEJMoa2200797. Epub 2022 Mar 9.,Abu-Raddad LJ,N Engl J Med,2022,2022/03/09,PMC8929389,,10.1056/NEJMoa2200797,24
35196428,Mortality from Congenital Zika Syndrome - Nationwide Cohort Study in Brazil,"Paixao ES, Cardim LL, Costa MCN, Brickley EB, de Carvalho-Sauer RCO, Carmo EH, Andrade RFS, Rodrigues MS, Veiga RV, Costa LC, Moore CA, França GVA, Smeeth L, Rodrigues LC, Barreto ML, Teixeira MG.",N Engl J Med. 2022 Feb 24;386(8):757-767. doi: 10.1056/NEJMoa2101195.,Paixao ES,N Engl J Med,2022,2022/02/23,PMC7612437,EMS140779,10.1056/NEJMoa2101195,16
35196427,Mechanisms of Resistance to Noncovalent Bruton's Tyrosine Kinase Inhibitors,"Wang E, Mi X, Thompson MC, Montoya S, Notti RQ, Afaghani J, Durham BH, Penson A, Witkowski MT, Lu SX, Bourcier J, Hogg SJ, Erickson C, Cui D, Cho H, Singer M, Totiger TM, Chaudhry S, Geyer M, Alencar A, Linley AJ, Palomba ML, Coombs CC, Park JH, Zelenetz A, Roeker L, Rosendahl M, Tsai DE, Ebata K, Brandhuber B, Hyman DM, Aifantis I, Mato A, Taylor J, Abdel-Wahab O.",N Engl J Med. 2022 Feb 24;386(8):735-743. doi: 10.1056/NEJMoa2114110.,Wang E,N Engl J Med,2022,2022/02/23,PMC9074143,NIHMS1795583,10.1056/NEJMoa2114110,35
35196424,Population Immunity and Covid-19 Severity with Omicron Variant in South Africa,"Madhi SA, Kwatra G, Myers JE, Jassat W, Dhar N, Mukendi CK, Nana AJ, Blumberg L, Welch R, Ngorima-Mabhena N, Mutevedzi PC.",N Engl J Med. 2022 Apr 7;386(14):1314-1326. doi: 10.1056/NEJMoa2119658. Epub 2022 Feb 23.,Madhi SA,N Engl J Med,2022,2022/02/23,PMC8908853,,10.1056/NEJMoa2119658,11
35020982,Effectiveness of Covid-19 Vaccines over a 9-Month Period in North Carolina,"Lin DY, Gu Y, Wheeler B, Young H, Holloway S, Sunny SK, Moore Z, Zeng D.",N Engl J Med. 2022 Mar 10;386(10):933-941. doi: 10.1056/NEJMoa2117128. Epub 2022 Jan 12.,Lin DY,N Engl J Med,2022,2022/01/12,PMC8781317,,10.1056/NEJMoa2117128,8
34986294,Effect of Covid-19 Vaccination on Transmission of Alpha and Delta Variants,"Eyre DW, Taylor D, Purver M, Chapman D, Fowler T, Pouwels KB, Walker AS, Peto TEA.",N Engl J Med. 2022 Feb 24;386(8):744-756. doi: 10.1056/NEJMoa2116597. Epub 2022 Jan 5.,Eyre DW,N Engl J Med,2022,2022/01/05,PMC8757571,,10.1056/NEJMoa2116597,8
34614326,Waning Immune Humoral Response to BNT162b2 Covid-19 Vaccine over 6 Months,"Levin EG, Lustig Y, Cohen C, Fluss R, Indenbaum V, Amit S, Doolman R, Asraf K, Mendelson E, Ziv A, Rubin C, Freedman L, Kreiss Y, Regev-Yochay G.",N Engl J Med. 2021 Dec 9;385(24):e84. doi: 10.1056/NEJMoa2114583. Epub 2021 Oct 6.,Levin EG,N Engl J Med,2021,2021/10/06,PMC8522797,,10.1056/NEJMoa2114583,14
34587386,A Human Pleiotropic Multiorgan Condition Caused by Deficient Wnt Secretion,"Chai G, Szenker-Ravi E, Chung C, Li Z, Wang L, Khatoo M, Marshall T, Jiang N, Yang X, McEvoy-Venneri J, Stanley V, Anzenberg P, Lang N, Wazny V, Yu J, Virshup DM, Nygaard R, Mancia F, Merdzanic R, Toralles MBP, Pitanga PML, Puri RD, Hernan R, Chung WK, Bertoli-Avella AM, Al-Sannaa N, Zaki MS, Willert K, Reversade B, Gleeson JG.",N Engl J Med. 2021 Sep 30;385(14):1292-1301. doi: 10.1056/NEJMoa2033911.,Chai G,N Engl J Med,2021,2021/09/29,PMC9017221,NIHMS1790232,10.1056/NEJMoa2033911,30
34551224,Effectiveness of mRNA Covid-19 Vaccine among U.S. Health Care Personnel,"Pilishvili T, Gierke R, Fleming-Dutra KE, Farrar JL, Mohr NM, Talan DA, Krishnadasan A, Harland KK, Smithline HA, Hou PC, Lee LC, Lim SC, Moran GJ, Krebs E, Steele MT, Beiser DG, Faine B, Haran JP, Nandi U, Schrading WA, Chinnock B, Henning DJ, Lovecchio F, Lee J, Barter D, Brackney M, Fridkin SK, Marceaux-Galli K, Lim S, Phipps EC, Dumyati G, Pierce R, Markus TM, Anderson DJ, Debes AK, Lin MY, Mayer J, Kwon JH, Safdar N, Fischer M, Singleton R, Chea N, Magill SS, Verani JR, Schrag SJ; Vaccine Effectiveness among Healthcare Personnel Study Team.",N Engl J Med. 2021 Dec 16;385(25):e90. doi: 10.1056/NEJMoa2106599. Epub 2021 Sep 22.,Pilishvili T,N Engl J Med,2021,2021/09/22,PMC8482809,,10.1056/NEJMoa2106599,45
34496194,Effectiveness of Covid-19 Vaccines in Ambulatory and Inpatient Care Settings,"Thompson MG, Stenehjem E, Grannis S, Ball SW, Naleway AL, Ong TC, DeSilva MB, Natarajan K, Bozio CH, Lewis N, Dascomb K, Dixon BE, Birch RJ, Irving SA, Rao S, Kharbanda E, Han J, Reynolds S, Goddard K, Grisel N, Fadel WF, Levy ME, Ferdinands J, Fireman B, Arndorfer J, Valvi NR, Rowley EA, Patel P, Zerbo O, Griggs EP, Porter RM, Demarco M, Blanton L, Steffens A, Zhuang Y, Olson N, Barron M, Shifflett P, Schrag SJ, Verani JR, Fry A, Gaglani M, Azziz-Baumgartner E, Klein NP.",N Engl J Med. 2021 Oct 7;385(15):1355-1371. doi: 10.1056/NEJMoa2110362. Epub 2021 Sep 8.,Thompson MG,N Engl J Med,2021,2021/09/08,PMC8451184,,10.1056/NEJMoa2110362,44
34407341,Pan-Sarbecovirus Neutralizing Antibodies in BNT162b2-Immunized SARS-CoV-1 Survivors,"Tan CW, Chia WN, Young BE, Zhu F, Lim BL, Sia WR, Thein TL, Chen MI, Leo YS, Lye DC, Wang LF.",N Engl J Med. 2021 Oct 7;385(15):1401-1406. doi: 10.1056/NEJMoa2108453. Epub 2021 Aug 18.,Tan CW,N Engl J Med,2021,2021/08/18,PMC8422514,,10.1056/NEJMoa2108453,11
34320286,Long-Term Complications in Youth-Onset Type 2 Diabetes,"TODAY Study Group; Bjornstad P, Drews KL, Caprio S, Gubitosi-Klug R, Nathan DM, Tesfaldet B, Tryggestad J, White NH, Zeitler P.",N Engl J Med. 2021 Jul 29;385(5):416-426. doi: 10.1056/NEJMoa2100165.,TODAY Study Group,N Engl J Med,2021,2021/07/28,PMC8697255,NIHMS1735229,10.1056/NEJMoa2100165,9
33882218,Preliminary Findings of mRNA Covid-19 Vaccine Safety in Pregnant Persons,"Shimabukuro TT, Kim SY, Myers TR, Moro PL, Oduyebo T, Panagiotakopoulos L, Marquez PL, Olson CK, Liu R, Chang KT, Ellington SR, Burkel VK, Smoots AN, Green CJ, Licata C, Zhang BC, Alimchandani M, Mba-Jonas A, Martin SW, Gee JM, Meaney-Delman DM; CDC v-safe COVID-19 Pregnancy Registry Team.",N Engl J Med. 2021 Jun 17;384(24):2273-2282. doi: 10.1056/NEJMoa2104983. Epub 2021 Apr 21.,Shimabukuro TT,N Engl J Med,2021,2021/04/21,PMC8117969,,10.1056/NEJMoa2104983,21
33861525,Pathologic Antibodies to Platelet Factor 4 after ChAdOx1 nCoV-19 Vaccination,"Scully M, Singh D, Lown R, Poles A, Solomon T, Levi M, Goldblatt D, Kotoucek P, Thomas W, Lester W.",N Engl J Med. 2021 Jun 10;384(23):2202-2211. doi: 10.1056/NEJMoa2105385. Epub 2021 Apr 16.,Scully M,N Engl J Med,2021,2021/04/16,PMC8112532,,10.1056/NEJMoa2105385,10
33626252,"Glycemic Index, Glycemic Load, and Cardiovascular Disease and Mortality","Jenkins DJA, Dehghan M, Mente A, Bangdiwala SI, Rangarajan S, Srichaikul K, Mohan V, Avezum A, Díaz R, Rosengren A, Lanas F, Lopez-Jaramillo P, Li W, Oguz A, Khatib R, Poirier P, Mohammadifard N, Pepe A, Alhabib KF, Chifamba J, Yusufali AH, Iqbal R, Yeates K, Yusoff K, Ismail N, Teo K, Swaminathan S, Liu X, Zatońska K, Yusuf R, Yusuf S; PURE Study Investigators.",N Engl J Med. 2021 Apr 8;384(14):1312-1322. doi: 10.1056/NEJMoa2007123. Epub 2021 Feb 24.,Jenkins DJA,N Engl J Med,2021,2021/02/24,,,10.1056/NEJMoa2007123,31
33471974,A Population-Based Study of Genes Previously Implicated in Breast Cancer,"Hu C, Hart SN, Gnanaolivu R, Huang H, Lee KY, Na J, Gao C, Lilyquist J, Yadav S, Boddicker NJ, Samara R, Klebba J, Ambrosone CB, Anton-Culver H, Auer P, Bandera EV, Bernstein L, Bertrand KA, Burnside ES, Carter BD, Eliassen H, Gapstur SM, Gaudet M, Haiman C, Hodge JM, Hunter DJ, Jacobs EJ, John EM, Kooperberg C, Kurian AW, Le Marchand L, Lindstroem S, Lindstrom T, Ma H, Neuhausen S, Newcomb PA, O'Brien KM, Olson JE, Ong IM, Pal T, Palmer JR, Patel AV, Reid S, Rosenberg L, Sandler DP, Scott C, Tamimi R, Taylor JA, Trentham-Dietz A, Vachon CM, Weinberg C, Yao S, Ziogas A, Weitzel JN, Goldgar DE, Domchek SM, Nathanson KL, Kraft P, Polley EC, Couch FJ.",N Engl J Med. 2021 Feb 4;384(5):440-451. doi: 10.1056/NEJMoa2005936. Epub 2021 Jan 20.,Hu C,N Engl J Med,2021,2021/01/20,PMC8127622,NIHMS1675635,10.1056/NEJMoa2005936,60
38118023,"Locally Acquired Melioidosis Linked to Environment - Mississippi, 2020-2023","Petras JK, Elrod MG, Ty MC, Dawson P, O'Laughlin K, Gee JE, Hanson J, Boutwell C, Ainsworth G, Beesley CA, Saile E, Tiller R, Gulvik CA, Ware D, Sokol T, Balsamo G, Taylor K, Salzer JS, Bower WA, Weiner ZP, Negrón ME, Hoffmaster AR, Byers P.",N Engl J Med. 2023 Dec 21;389(25):2355-2362. doi: 10.1056/NEJMoa2306448.,Petras JK,N Engl J Med,2023,2023/12/20,PMC10773590,NIHMS1956173,10.1056/NEJMoa2306448,23
37646678,Anti-Epstein-Barr Virus BNLF2b for Mass Screening for Nasopharyngeal Cancer,"Li T, Li F, Guo X, Hong C, Yu X, Wu B, Lian S, Song L, Tang J, Wen S, Gao K, Hao M, Cheng W, Su Y, Zhang S, Huang S, Fang M, Wang Y, Ng MH, Chen H, Luo W, Ge S, Zhang J, Xia N, Ji M.",N Engl J Med. 2023 Aug 31;389(9):808-819. doi: 10.1056/NEJMoa2301496.,Li T,N Engl J Med,2023,2023/08/30,,,10.1056/NEJMoa2301496,25
37256972,Variant STAT4 and Response to Ruxolitinib in an Autoinflammatory Syndrome,"Baghdassarian H, Blackstone SA, Clay OS, Philips R, Matthiasardottir B, Nehrebecky M, Hua VK, McVicar R, Liu Y, Tucker SM, Randazzo D, Deuitch N, Rosenzweig S, Mark A, Sasik R, Fisch KM, Pimpale Chavan P, Eren E, Watts NR, Ma CA, Gadina M, Schwartz DM, Sanyal A, Werner G, Murdock DR, Horita N, Chowdhury S, Dimmock D, Jepsen K, Remmers EF, Goldbach-Mansky R, Gahl WA, O'Shea JJ, Milner JD, Lewis NE, Chang J, Kastner DL, Torok K, Oda H, Putnam CD, Broderick L.",N Engl J Med. 2023 Jun 15;388(24):2241-2252. doi: 10.1056/NEJMoa2202318. Epub 2023 May 31.,Baghdassarian H,N Engl J Med,2023,2023/05/31,PMC10392571,NIHMS1911531,10.1056/NEJMoa2202318,41
37199451,Vaccine Effectiveness of JYNNEOS against Mpox Disease in the United States,"Deputy NP, Deckert J, Chard AN, Sandberg N, Moulia DL, Barkley E, Dalton AF, Sweet C, Cohn AC, Little DR, Cohen AL, Sandmann D, Payne DC, Gerhart JL, Feldstein LR.",N Engl J Med. 2023 Jun 29;388(26):2434-2443. doi: 10.1056/NEJMoa2215201. Epub 2023 May 18.,Deputy NP,N Engl J Med,2023,2023/05/18,PMC10962869,NIHMS1972610,10.1056/NEJMoa2215201,15
37075141,Burden of Typhoid and Paratyphoid Fever in India,"John J, Bavdekar A, Rongsen-Chandola T, Dutta S, Gupta M, Kanungo S, Sinha B, Srinivasan M, Shrivastava A, Bansal A, Singh A, Koshy RM, Jinka DR, Thomas MS, Alexander AP, Thankaraj S, Ebenezer SE, Karthikeyan AS, Kumar D, Njarekkattuvalappil SK, Raju R, Sahai N, Veeraraghavan B, Murhekar MV, Mohan VR, Natarajan SK, Ramanujam K, Samuel P, Lo NC, Andrews J, Grassly NC, Kang G; NSSEFI Study Team.",N Engl J Med. 2023 Apr 20;388(16):1491-1500. doi: 10.1056/NEJMoa2209449.,John J,N Engl J Med,2023,2023/04/19,PMC10116367,NIHMS1868189,10.1056/NEJMoa2209449,32
37043637,Genomic Diagnosis of Rare Pediatric Disease in the United Kingdom and Ireland,"Wright CF, Campbell P, Eberhardt RY, Aitken S, Perrett D, Brent S, Danecek P, Gardner EJ, Chundru VK, Lindsay SJ, Andrews K, Hampstead J, Kaplanis J, Samocha KE, Middleton A, Foreman J, Hobson RJ, Parker MJ, Martin HC, FitzPatrick DR, Hurles ME, Firth HV; DDD Study.",N Engl J Med. 2023 Apr 27;388(17):1559-1571. doi: 10.1056/NEJMoa2209046. Epub 2023 Apr 12.,Wright CF,N Engl J Med,2023,2023/04/12,PMC7614484,EMS173300,10.1056/NEJMoa2209046,22
36988592,Transcatheter Arterialization of Deep Veins in Chronic Limb-Threatening Ischemia,"Shishehbor MH, Powell RJ, Montero-Baker MF, Dua A, Martínez-Trabal JL, Bunte MC, Lee AC, Mugglin AS, Mills JL, Farber A, Clair DG; PROMISE II Investigators.",N Engl J Med. 2023 Mar 30;388(13):1171-1180. doi: 10.1056/NEJMoa2212754.,Shishehbor MH,N Engl J Med,2023,2023/03/29,,,10.1056/NEJMoa2212754,11
36720134,Cystatin C-Based Equation to Estimate GFR without the Inclusion of Race and Sex,"Pottel H, Björk J, Rule AD, Ebert N, Eriksen BO, Dubourg L, Vidal-Petiot E, Grubb A, Hansson M, Lamb EJ, Littmann K, Mariat C, Melsom T, Schaeffner E, Sundin PO, Åkesson A, Larsson A, Cavalier E, Bukabau JB, Sumaili EK, Yayo E, Monnet D, Flamant M, Nyman U, Delanaye P.",N Engl J Med. 2023 Jan 26;388(4):333-343. doi: 10.1056/NEJMoa2203769.,Pottel H,N Engl J Med,2023,2023/01/31,,,10.1056/NEJMoa2203769,25
36652355,Psychosocial Functioning in Transgender Youth after 2 Years of Hormones,"Chen D, Berona J, Chan YM, Ehrensaft D, Garofalo R, Hidalgo MA, Rosenthal SM, Tishelman AC, Olson-Kennedy J.",N Engl J Med. 2023 Jan 19;388(3):240-250. doi: 10.1056/NEJMoa2206297.,Chen D,N Engl J Med,2023,2023/01/18,PMC10081536,NIHMS1877102,10.1056/NEJMoa2206297,9
36516086,Deep Intronic FGF14 GAA Repeat Expansion in Late-Onset Cerebellar Ataxia,"Pellerin D, Danzi MC, Wilke C, Renaud M, Fazal S, Dicaire MJ, Scriba CK, Ashton C, Yanick C, Beijer D, Rebelo A, Rocca C, Jaunmuktane Z, Sonnen JA, Larivière R, Genís D, Molina Porcel L, Choquet K, Sakalla R, Provost S, Robertson R, Allard-Chamard X, Tétreault M, Reiling SJ, Nagy S, Nishadham V, Purushottam M, Vengalil S, Bardhan M, Nalini A, Chen Z, Mathieu J, Massie R, Chalk CH, Lafontaine AL, Evoy F, Rioux MF, Ragoussis J, Boycott KM, Dubé MP, Duquette A, Houlden H, Ravenscroft G, Laing NG, Lamont PJ, Saporta MA, Schüle R, Schöls L, La Piana R, Synofzik M, Zuchner S, Brais B.",N Engl J Med. 2023 Jan 12;388(2):128-141. doi: 10.1056/NEJMoa2207406. Epub 2022 Dec 14.,Pellerin D,N Engl J Med,2023,2022/12/14,PMC10042577,NIHMS1877088,10.1056/NEJMoa2207406,52
36322837,Covid-19 Vaccine Protection among Children and Adolescents in Qatar,"Chemaitelly H, AlMukdad S, Ayoub HH, Altarawneh HN, Coyle P, Tang P, Yassine HM, Al-Khatib HA, Smatti MK, Hasan MR, Al-Kanaani Z, Al-Kuwari E, Jeremijenko A, Kaleeckal AH, Latif AN, Shaik RM, Abdul-Rahim HF, Nasrallah GK, Al-Kuwari MG, Al-Romaihi HE, Butt AA, Al-Thani MH, Al-Khal A, Bertollini R, Abu-Raddad LJ.",N Engl J Med. 2022 Nov 17;387(20):1865-1876. doi: 10.1056/NEJMoa2210058. Epub 2022 Nov 2.,Chemaitelly H,N Engl J Med,2022,2022/11/02,PMC9644642,,10.1056/NEJMoa2210058,25
36053505,Dolutegravir in Pregnancy as Compared with Current HIV Regimens in the United States,"Patel K, Huo Y, Jao J, Powis KM, Williams PL, Kacanek D, Yee LM, Chadwick EG, Shiau S, Jacobson DL, Brummel SS, Sultan-Beyer L, Kahlert CR, Zash R, Seage GR 3rd; Pediatric HIV/AIDS Cohort Study; Swiss Mother and Child HIV Cohort Study.",N Engl J Med. 2022 Sep 1;387(9):799-809. doi: 10.1056/NEJMoa2200600.,Patel K,N Engl J Med,2022,2022/09/02,PMC9744124,NIHMS1853243,10.1056/NEJMoa2200600,15
35866746,Monkeypox Virus Infection in Humans across 16 Countries - April-June 2022,"Thornhill JP, Barkati S, Walmsley S, Rockstroh J, Antinori A, Harrison LB, Palich R, Nori A, Reeves I, Habibi MS, Apea V, Boesecke C, Vandekerckhove L, Yakubovsky M, Sendagorta E, Blanco JL, Florence E, Moschese D, Maltez FM, Goorhuis A, Pourcher V, Migaud P, Noe S, Pintado C, Maggi F, Hansen AE, Hoffmann C, Lezama JI, Mussini C, Cattelan A, Makofane K, Tan D, Nozza S, Nemeth J, Klein MB, Orkin CM; SHARE-net Clinical Group.",N Engl J Med. 2022 Aug 25;387(8):679-691. doi: 10.1056/NEJMoa2207323. Epub 2022 Jul 21.,Thornhill JP,N Engl J Med,2022,2022/07/22,,,10.1056/NEJMoa2207323,36
35731908,Maternal Vaccination and Risk of Hospitalization for Covid-19 among Infants,"Halasa NB, Olson SM, Staat MA, Newhams MM, Price AM, Pannaraj PS, Boom JA, Sahni LC, Chiotos K, Cameron MA, Bline KE, Hobbs CV, Maddux AB, Coates BM, Michelson KN, Heidemann SM, Irby K, Nofziger RA, Mack EH, Smallcomb L, Schwartz SP, Walker TC, Gertz SJ, Schuster JE, Kamidani S, Tarquinio KM, Bhumbra SS, Maamari M, Hume JR, Crandall H, Levy ER, Zinter MS, Bradford TT, Flori HR, Cullimore ML, Kong M, Cvijanovich NZ, Gilboa SM, Polen KN, Campbell AP, Randolph AG, Patel MM; Overcoming Covid-19 Investigators.",N Engl J Med. 2022 Jul 14;387(2):109-119. doi: 10.1056/NEJMoa2204399. Epub 2022 Jun 22.,Halasa NB,N Engl J Med,2022,2022/06/22,PMC9342588,,10.1056/NEJMoa2204399,42
35704481,Sequential Stem Cell-Kidney Transplantation in Schimke Immuno-osseous Dysplasia,"Bertaina A, Grimm PC, Weinberg K, Parkman R, Kristovich KM, Barbarito G, Lippner E, Dhamdhere G, Ramachandran V, Spatz JM, Fathallah-Shaykh S, Atkinson TP, Al-Uzri A, Aubert G, van der Elst K, Green SG, Agarwal R, Slepicka PF, Shah AJ, Roncarolo MG, Gallo A, Concepcion W, Lewis DB.",N Engl J Med. 2022 Jun 16;386(24):2295-2302. doi: 10.1056/NEJMoa2117028.,Bertaina A,N Engl J Med,2022,2022/06/15,PMC10545450,NIHMS1932490,10.1056/NEJMoa2117028,23
35675177,Chronic Traumatic Encephalopathy in the Brains of Military Personnel,"Priemer DS, Iacono D, Rhodes CH, Olsen CH, Perl DP.",N Engl J Med. 2022 Jun 9;386(23):2169-2177. doi: 10.1056/NEJMoa2203199.,Priemer DS,N Engl J Med,2022,2022/06/08,,,10.1056/NEJMoa2203199,5
35417631,Fourth Dose of BNT162b2 mRNA Covid-19 Vaccine in a Nationwide Setting,"Magen O, Waxman JG, Makov-Assif M, Vered R, Dicker D, Hernán MA, Lipsitch M, Reis BY, Balicer RD, Dagan N.",N Engl J Med. 2022 Apr 28;386(17):1603-1614. doi: 10.1056/NEJMoa2201688. Epub 2022 Apr 13.,Magen O,N Engl J Med,2022,2022/04/13,PMC9020581,,10.1056/NEJMoa2201688,10
35388667,Implanted System for Orthostatic Hypotension in Multiple-System Atrophy,"Squair JW, Berney M, Castro Jimenez M, Hankov N, Demesmaeker R, Amir S, Paley A, Hernandez-Charpak S, Dumont G, Asboth L, Allenbach G, Becce F, Schoettker P, Wuerzner G, Bally JF, Courtine G, Bloch J.",N Engl J Med. 2022 Apr 7;386(14):1339-1344. doi: 10.1056/NEJMoa2112809.,Squair JW,N Engl J Med,2022,2022/04/07,,,10.1056/NEJMoa2112809,17
35381126,Protection by a Fourth Dose of BNT162b2 against Omicron in Israel,"Bar-On YM, Goldberg Y, Mandel M, Bodenheimer O, Amir O, Freedman L, Alroy-Preis S, Ash N, Huppert A, Milo R.",N Engl J Med. 2022 May 5;386(18):1712-1720. doi: 10.1056/NEJMoa2201570. Epub 2022 Apr 5.,Bar-On YM,N Engl J Med,2022,2022/04/05,PMC9006780,,10.1056/NEJMoa2201570,10
35353976,BNT162b2 Protection against the Omicron Variant in Children and Adolescents,"Price AM, Olson SM, Newhams MM, Halasa NB, Boom JA, Sahni LC, Pannaraj PS, Irby K, Bline KE, Maddux AB, Nofziger RA, Cameron MA, Walker TC, Schwartz SP, Mack EH, Smallcomb L, Schuster JE, Hobbs CV, Kamidani S, Tarquinio KM, Bradford TT, Levy ER, Chiotos K, Bhumbra SS, Cvijanovich NZ, Heidemann SM, Cullimore ML, Gertz SJ, Coates BM, Staat MA, Zinter MS, Kong M, Chatani BM, Hume JR, Typpo KV, Maamari M, Flori HR, Tenforde MW, Zambrano LD, Campbell AP, Patel MM, Randolph AG; Overcoming Covid-19 Investigators.",N Engl J Med. 2022 May 19;386(20):1899-1909. doi: 10.1056/NEJMoa2202826. Epub 2022 Mar 30.,Price AM,N Engl J Med,2022,2022/03/30,PMC9006785,,10.1056/NEJMoa2202826,42
35172051,Protection against SARS-CoV-2 after Covid-19 Vaccination and Previous Infection,"Hall V, Foulkes S, Insalata F, Kirwan P, Saei A, Atti A, Wellington E, Khawam J, Munro K, Cole M, Tranquillini C, Taylor-Kerr A, Hettiarachchi N, Calbraith D, Sajedi N, Milligan I, Themistocleous Y, Corrigan D, Cromey L, Price L, Stewart S, de Lacy E, Norman C, Linley E, Otter AD, Semper A, Hewson J, D'Arcangelo S, Chand M, Brown CS, Brooks T, Islam J, Charlett A, Hopkins S; SIREN Study Group.",N Engl J Med. 2022 Mar 31;386(13):1207-1220. doi: 10.1056/NEJMoa2118691. Epub 2022 Feb 16.,Hall V,N Engl J Med,2022,2022/02/16,PMC8908850,,10.1056/NEJMoa2118691,34
35021004,Effectiveness of BNT162b2 Vaccine against Critical Covid-19 in Adolescents,"Olson SM, Newhams MM, Halasa NB, Price AM, Boom JA, Sahni LC, Pannaraj PS, Irby K, Walker TC, Schwartz SP, Maddux AB, Mack EH, Bradford TT, Schuster JE, Nofziger RA, Cameron MA, Chiotos K, Cullimore ML, Gertz SJ, Levy ER, Kong M, Cvijanovich NZ, Staat MA, Kamidani S, Chatani BM, Bhumbra SS, Bline KE, Gaspers MG, Hobbs CV, Heidemann SM, Maamari M, Flori HR, Hume JR, Zinter MS, Michelson KN, Zambrano LD, Campbell AP, Patel MM, Randolph AG; Overcoming Covid-19 Investigators.",N Engl J Med. 2022 Feb 24;386(8):713-723. doi: 10.1056/NEJMoa2117995. Epub 2022 Jan 12.,Olson SM,N Engl J Med,2022,2022/01/12,PMC8781318,,10.1056/NEJMoa2117995,39
35021002,Duration of Protection against Mild and Severe Disease by Covid-19 Vaccines,"Andrews N, Tessier E, Stowe J, Gower C, Kirsebom F, Simmons R, Gallagher E, Thelwall S, Groves N, Dabrera G, Myers R, Campbell CNJ, Amirthalingam G, Edmunds M, Zambon M, Brown K, Hopkins S, Chand M, Ladhani SN, Ramsay M, Lopez Bernal J.",N Engl J Med. 2022 Jan 27;386(4):340-350. doi: 10.1056/NEJMoa2115481. Epub 2022 Jan 12.,Andrews N,N Engl J Med,2022,2022/01/12,PMC8781262,,10.1056/NEJMoa2115481,21
34670044,"AQP1 Promoter Variant, Water Transport, and Outcomes in Peritoneal Dialysis","Morelle J, Marechal C, Yu Z, Debaix H, Corre T, Lambie M, Verduijn M, Dekker F, Bovy P, Evenepoel P, Bammens B, Selgas R, Bajo MA, Coester AM, Sow A, Hautem N, Struijk DG, Krediet RT, Balligand JL, Goffin E, Crott R, Ripoche P, Davies S, Devuyst O.",N Engl J Med. 2021 Oct 21;385(17):1570-1580. doi: 10.1056/NEJMoa2034279.,Morelle J,N Engl J Med,2021,2021/10/20,,,10.1056/NEJMoa2034279,24
34554660,"Race, Genetic Ancestry, and Estimating Kidney Function in CKD","Hsu CY, Yang W, Parikh RV, Anderson AH, Chen TK, Cohen DL, He J, Mohanty MJ, Lash JP, Mills KT, Muiru AN, Parsa A, Saunders MR, Shafi T, Townsend RR, Waikar SS, Wang J, Wolf M, Tan TC, Feldman HI, Go AS; CRIC Study Investigators.",N Engl J Med. 2021 Nov 4;385(19):1750-1760. doi: 10.1056/NEJMoa2103753. Epub 2021 Sep 23.,Hsu CY,N Engl J Med,2021,2021/09/23,PMC8994696,NIHMS1790245,10.1056/NEJMoa2103753,21
34554658,New Creatinine- and Cystatin C-Based Equations to Estimate GFR without Race,"Inker LA, Eneanya ND, Coresh J, Tighiouart H, Wang D, Sang Y, Crews DC, Doria A, Estrella MM, Froissart M, Grams ME, Greene T, Grubb A, Gudnason V, Gutiérrez OM, Kalil R, Karger AB, Mauer M, Navis G, Nelson RG, Poggio ED, Rodby R, Rossing P, Rule AD, Selvin E, Seegmiller JC, Shlipak MG, Torres VE, Yang W, Ballew SH, Couture SJ, Powe NR, Levey AS; Chronic Kidney Disease Epidemiology Collaboration.",N Engl J Med. 2021 Nov 4;385(19):1737-1749. doi: 10.1056/NEJMoa2102953. Epub 2021 Sep 23.,Inker LA,N Engl J Med,2021,2021/09/23,PMC8822996,NIHMS1763303,10.1056/NEJMoa2102953,33
34432976,Safety of the BNT162b2 mRNA Covid-19 Vaccine in a Nationwide Setting,"Barda N, Dagan N, Ben-Shlomo Y, Kepten E, Waxman J, Ohana R, Hernán MA, Lipsitch M, Kohane I, Netzer D, Reis BY, Balicer RD.",N Engl J Med. 2021 Sep 16;385(12):1078-1090. doi: 10.1056/NEJMoa2110475. Epub 2021 Aug 25.,Barda N,N Engl J Med,2021,2021/08/25,PMC8427535,,10.1056/NEJMoa2110475,12
34347949,"Variant PNLDC1, Defective piRNA Processing, and Azoospermia","Nagirnaja L, Mørup N, Nielsen JE, Stakaitis R, Golubickaite I, Oud MS, Winge SB, Carvalho F, Aston KI, Khani F, van der Heijden GW, Marques CJ, Skakkebaek NE, Rajpert-De Meyts E, Schlegel PN, Jørgensen N, Veltman JA, Lopes AM, Conrad DF, Almstrup K.",N Engl J Med. 2021 Aug 19;385(8):707-719. doi: 10.1056/NEJMoa2028973. Epub 2021 Aug 4.,Nagirnaja L,N Engl J Med,2021,2021/08/04,PMC7615015,EMS186142,10.1056/NEJMoa2028973,20
34161704,Acquired Resistance to KRAS(G12C) Inhibition in Cancer,"Awad MM, Liu S, Rybkin II, Arbour KC, Dilly J, Zhu VW, Johnson ML, Heist RS, Patil T, Riely GJ, Jacobson JO, Yang X, Persky NS, Root DE, Lowder KE, Feng H, Zhang SS, Haigis KM, Hung YP, Sholl LM, Wolpin BM, Wiese J, Christiansen J, Lee J, Schrock AB, Lim LP, Garg K, Li M, Engstrom LD, Waters L, Lawson JD, Olson P, Lito P, Ou SI, Christensen JG, Jänne PA, Aguirre AJ.",N Engl J Med. 2021 Jun 24;384(25):2382-2393. doi: 10.1056/NEJMoa2105281.,Awad MM,N Engl J Med,2021,2021/06/23,PMC8864540,NIHMS1774267,10.1056/NEJMoa2105281,37
34042389,A Novel Circulating MicroRNA for the Detection of Acute Myocarditis,"Blanco-Domínguez R, Sánchez-Díaz R, de la Fuente H, Jiménez-Borreguero LJ, Matesanz-Marín A, Relaño M, Jiménez-Alejandre R, Linillos-Pradillo B, Tsilingiri K, Martín-Mariscal ML, Alonso-Herranz L, Moreno G, Martín-Asenjo R, García-Guimaraes MM, Bruno KA, Dauden E, González-Álvaro I, Villar-Guimerans LM, Martínez-León A, Salvador-Garicano AM, Michelhaugh SA, Ibrahim NE, Januzzi JL, Kottwitz J, Iliceto S, Plebani M, Basso C, Baritussio A, Seguso M, Marcolongo R, Ricote M, Fairweather D, Bueno H, Fernández-Friera L, Alfonso F, Caforio ALP, Pascual-Figal DA, Heidecker B, Lüscher TF, Das S, Fuster V, Ibáñez B, Sánchez-Madrid F, Martín P.",N Engl J Med. 2021 May 27;384(21):2014-2027. doi: 10.1056/NEJMoa2003608.,Blanco-Domínguez R,N Engl J Med,2021,2021/05/27,PMC8258773,NIHMS1711276,10.1056/NEJMoa2003608,44
33838625,Oncolytic HSV-1 G207 Immunovirotherapy for Pediatric High-Grade Gliomas,"Friedman GK, Johnston JM, Bag AK, Bernstock JD, Li R, Aban I, Kachurak K, Nan L, Kang KD, Totsch S, Schlappi C, Martin AM, Pastakia D, McNall-Knapp R, Farouk Sait S, Khakoo Y, Karajannis MA, Woodling K, Palmer JD, Osorio DS, Leonard J, Abdelbaki MS, Madan-Swain A, Atkinson TP, Whitley RJ, Fiveash JB, Markert JM, Gillespie GY.",N Engl J Med. 2021 Apr 29;384(17):1613-1622. doi: 10.1056/NEJMoa2024947. Epub 2021 Apr 10.,Friedman GK,N Engl J Med,2021,2021/04/10,PMC8284840,NIHMS1709322,10.1056/NEJMoa2024947,28
33704937,Genome Sequencing as an Alternative to Cytogenetic Analysis in Myeloid Cancers,"Duncavage EJ, Schroeder MC, O'Laughlin M, Wilson R, MacMillan S, Bohannon A, Kruchowski S, Garza J, Du F, Hughes AEO, Robinson J, Hughes E, Heath SE, Baty JD, Neidich J, Christopher MJ, Jacoby MA, Uy GL, Fulton RS, Miller CA, Payton JE, Link DC, Walter MJ, Westervelt P, DiPersio JF, Ley TJ, Spencer DH.",N Engl J Med. 2021 Mar 11;384(10):924-935. doi: 10.1056/NEJMoa2024534.,Duncavage EJ,N Engl J Med,2021,2021/03/11,PMC8130455,NIHMS1697712,10.1056/NEJMoa2024534,27
33523609,Convalescent Plasma Antibody Levels and the Risk of Death from Covid-19,"Joyner MJ, Carter RE, Senefeld JW, Klassen SA, Mills JR, Johnson PW, Theel ES, Wiggins CC, Bruno KA, Klompas AM, Lesser ER, Kunze KL, Sexton MA, Diaz Soto JC, Baker SE, Shepherd JRA, van Helmond N, Verdun NC, Marks P, van Buskirk CM, Winters JL, Stubbs JR, Rea RF, Hodge DO, Herasevich V, Whelan ER, Clayburn AJ, Larson KF, Ripoll JG, Andersen KJ, Buras MR, Vogt MNP, Dennis JJ, Regimbal RJ, Bauer PR, Blair JE, Paneth NS, Fairweather D, Wright RS, Casadevall A.",N Engl J Med. 2021 Mar 18;384(11):1015-1027. doi: 10.1056/NEJMoa2031893. Epub 2021 Jan 13.,Joyner MJ,N Engl J Med,2021,2021/02/01,PMC7821984,,10.1056/NEJMoa2031893,40
37937776,Actionable Genotypes and Their Association with Life Span in Iceland,"Jensson BO, Arnadottir GA, Katrinardottir H, Fridriksdottir R, Helgason H, Oddsson A, Sveinbjornsson G, Eggertsson HP, Halldorsson GH, Atlason BA, Jonsson H, Oskarsson GR, Sturluson A, Gudjonsson SA, Thorisson GA, Zink F, Moore KHS, Palsson G, Sigurdsson A, Jonasdottir A, Jonasdottir A, Magnusson MK, Helgadottir A, Steinthorsdottir V, Gudmundsson J, Stacey SN, Hilmarsson R, Olafsson I, Johannsson OT, Arnar DO, Saemundsdottir J, Magnusson OT, Masson G, Halldorsson BV, Helgason A, Stefansson H, Jonsdottir I, Holm H, Rafnar T, Thorsteinsdottir U, Gudbjartsson DF, Stefansson K, Sulem P.",N Engl J Med. 2023 Nov 9;389(19):1741-1752. doi: 10.1056/NEJMoa2300792.,Jensson BO,N Engl J Med,2023,2023/11/08,,,10.1056/NEJMoa2300792,43
37530823,Health Consequences of Thymus Removal in Adults,"Kooshesh KA, Foy BH, Sykes DB, Gustafsson K, Scadden DT.",N Engl J Med. 2023 Aug 3;389(5):406-417. doi: 10.1056/NEJMoa2302892.,Kooshesh KA,N Engl J Med,2023,2023/08/02,PMC10557034,NIHMS1923267,10.1056/NEJMoa2302892,5
37342957,Systemic Inflammation and Normocytic Anemia in DOCK11 Deficiency,"Block J, Rashkova C, Castanon I, Zoghi S, Platon J, Ardy RC, Fujiwara M, Chaves B, Schoppmeyer R, van der Made CI, Jimenez Heredia R, Harms FL, Alavi S, Alsina L, Sanchez Moreno P, Ávila Polo R, Cabrera-Pérez R, Kostel Bal S, Pfajfer L, Ransmayr B, Mautner AK, Kondo R, Tinnacher A, Caldera M, Schuster M, Domínguez Conde C, Platzer R, Salzer E, Boyer T, Brunner HG, Nooitgedagt-Frons JE, Iglesias E, Deyà-Martinez A, Camacho-Lovillo M, Menche J, Bock C, Huppa JB, Pickl WF, Distel M, Yoder JA, Traver D, Engelhardt KR, Linden T, Kager L, Hannich JT, Hoischen A, Hambleton S, Illsinger S, Da Costa L, Kutsche K, Chavoshzadeh Z, van Buul JD, Antón J, Calzada-Hernández J, Neth O, Viaud J, Nishikimi A, Dupré L, Boztug K.",N Engl J Med. 2023 Aug 10;389(6):527-539. doi: 10.1056/NEJMoa2210054. Epub 2023 Jun 21.,Block J,N Engl J Med,2023,2023/06/21,,,10.1056/NEJMoa2210054,59
37018492,GD2-CART01 for Relapsed or Refractory High-Risk Neuroblastoma,"Del Bufalo F, De Angelis B, Caruana I, Del Baldo G, De Ioris MA, Serra A, Mastronuzzi A, Cefalo MG, Pagliara D, Amicucci M, Li Pira G, Leone G, Bertaina V, Sinibaldi M, Di Cecca S, Guercio M, Abbaszadeh Z, Iaffaldano L, Gunetti M, Iacovelli S, Bugianesi R, Macchia S, Algeri M, Merli P, Galaverna F, Abbas R, Garganese MC, Villani MF, Colafati GS, Bonetti F, Rabusin M, Perruccio K, Folsi V, Quintarelli C, Locatelli F; Precision Medicine Team–IRCCS Ospedale Pediatrico Bambino Gesù.",N Engl J Med. 2023 Apr 6;388(14):1284-1295. doi: 10.1056/NEJMoa2210859.,Del Bufalo F,N Engl J Med,2023,2023/04/05,,,10.1056/NEJMoa2210859,35
36988593,"Helicobacter pylori, Homologous-Recombination Genes, and Gastric Cancer","Usui Y, Taniyama Y, Endo M, Koyanagi YN, Kasugai Y, Oze I, Ito H, Imoto I, Tanaka T, Tajika M, Niwa Y, Iwasaki Y, Aoi T, Hakozaki N, Takata S, Suzuki K, Terao C, Hatakeyama M, Hirata M, Sugano K, Yoshida T, Kamatani Y, Nakagawa H, Matsuda K, Murakami Y, Spurdle AB, Matsuo K, Momozawa Y.",N Engl J Med. 2023 Mar 30;388(13):1181-1190. doi: 10.1056/NEJMoa2211807.,Usui Y,N Engl J Med,2023,2023/03/29,,,10.1056/NEJMoa2211807,28
36724329,Effectiveness of a Meningococcal Group B Vaccine (4CMenB) in Children,"Castilla J, García Cenoz M, Abad R, Sánchez-Cambronero L, Lorusso N, Izquierdo C, Cañellas Llabrés S, Roig J, Malvar A, González Carril F, Boone ALD, Pérez Martín J, Rodríguez Recio MJ, Galmés A, Caballero A, García Rojas A, Juanas F, Nieto M, Viloria Raymundo LJ, Martínez Ochoa E, Rivas AI, Castrillejo D, Moreno Pérez D, Martínez A, Borràs E, Sánchez Gómez A, Pastor E, Nartallo V, Arteagoitia JM, Álvarez-Fernández B, García Pina R, Fernández Arribas S, Vanrell J, García Hernández S, Mendoza RM, Méndez M, López-Tercero MM, Fernández-Rodríguez Á, Blanco Á, Carrillo de Albornoz FJ, Ruiz Olivares J, Ruiz-Montero R, Limia A, Navarro-Alonso JA, Vázquez JA, Barricarte A.",N Engl J Med. 2023 Feb 2;388(5):427-438. doi: 10.1056/NEJMoa2206433.,Castilla J,N Engl J Med,2023,2023/02/01,,,10.1056/NEJMoa2206433,46
36449419,Buprenorphine versus Methadone for Opioid Use Disorder in Pregnancy,"Suarez EA, Huybrechts KF, Straub L, Hernández-Díaz S, Jones HE, Connery HS, Davis JM, Gray KJ, Lester B, Terplan M, Mogun H, Bateman BT.",N Engl J Med. 2022 Dec 1;387(22):2033-2044. doi: 10.1056/NEJMoa2203318.,Suarez EA,N Engl J Med,2022,2022/11/30,PMC9873239,NIHMS1861128,10.1056/NEJMoa2203318,12
36351280,In Utero Enzyme-Replacement Therapy for Infantile-Onset Pompe's Disease,"Cohen JL, Chakraborty P, Fung-Kee-Fung K, Schwab ME, Bali D, Young SP, Gelb MH, Khaledi H, DiBattista A, Smallshaw S, Moretti F, Wong D, Lacroix C, El Demellawy D, Strickland KC, Lougheed J, Moon-Grady A, Lianoglou BR, Harmatz P, Kishnani PS, MacKenzie TC.",N Engl J Med. 2022 Dec 8;387(23):2150-2158. doi: 10.1056/NEJMoa2200587. Epub 2022 Nov 9.,Cohen JL,N Engl J Med,2022,2022/11/09,PMC10794051,NIHMS1861126,10.1056/NEJMoa2200587,21
36351262,Lifting Universal Masking in Schools - Covid-19 Incidence among Students and Staff,"Cowger TL, Murray EJ, Clarke J, Bassett MT, Ojikutu BO, Sánchez SM, Linos N, Hall KT.",N Engl J Med. 2022 Nov 24;387(21):1935-1946. doi: 10.1056/NEJMoa2211029. Epub 2022 Nov 9.,Cowger TL,N Engl J Med,2022,2022/11/09,PMC9743802,,10.1056/NEJMoa2211029,8
36286260,Protection against Omicron from Vaccination and Previous Infection in a Prison System,"Chin ET, Leidner D, Lamson L, Lucas K, Studdert DM, Goldhaber-Fiebert JD, Andrews JR, Salomon JA.",N Engl J Med. 2022 Nov 10;387(19):1770-1782. doi: 10.1056/NEJMoa2207082. Epub 2022 Oct 26.,Chin ET,N Engl J Med,2022,2022/10/26,PMC9634863,,10.1056/NEJMoa2207082,8
36070709,Lower versus Higher Glycemic Criteria for Diagnosis of Gestational Diabetes,"Crowther CA, Samuel D, McCowan LME, Edlin R, Tran T, McKinlay CJ; GEMS Trial Group.",N Engl J Med. 2022 Aug 18;387(7):587-598. doi: 10.1056/NEJMoa2204091.,Crowther CA,N Engl J Med,2022,2022/09/07,,,10.1056/NEJMoa2204091,6
35830653,A Case Series of Children with Acute Hepatitis and Human Adenovirus Infection,"Gutierrez Sanchez LH, Shiau H, Baker JM, Saaybi S, Buchfellner M, Britt W, Sanchez V, Potter JL, Ingram LA, Kelly D, Lu X, Ayers-Millsap S, Willeford WG, Rassaei N, Bhatnagar J, Bullock H, Reagan-Steiner S, Martin A, Rogers ME, Banc-Husu AM, Harpavat S, Leung DH, Moulton EA, Lamson DM, St George K, Hall AJ, Parashar U, MacNeil A, Tate JE, Kirking HL.",N Engl J Med. 2022 Aug 18;387(7):620-630. doi: 10.1056/NEJMoa2206294. Epub 2022 Jul 13.,Gutierrez Sanchez LH,N Engl J Med,2022,2022/07/13,PMC9808750,NIHMS1827752,10.1056/NEJMoa2206294,30
35648703,Neoantigen T-Cell Receptor Gene Therapy in Pancreatic Cancer,"Leidner R, Sanjuan Silva N, Huang H, Sprott D, Zheng C, Shih YP, Leung A, Payne R, Sutcliffe K, Cramer J, Rosenberg SA, Fox BA, Urba WJ, Tran E.",N Engl J Med. 2022 Jun 2;386(22):2112-2119. doi: 10.1056/NEJMoa2119662.,Leidner R,N Engl J Med,2022,2022/06/01,PMC9531755,NIHMS1822388,10.1056/NEJMoa2119662,14
35613036,Protection and Waning of Natural and Hybrid Immunity to SARS-CoV-2,"Goldberg Y, Mandel M, Bar-On YM, Bodenheimer O, Freedman LS, Ash N, Alroy-Preis S, Huppert A, Milo R.",N Engl J Med. 2022 Jun 9;386(23):2201-2212. doi: 10.1056/NEJMoa2118946. Epub 2022 May 25.,Goldberg Y,N Engl J Med,2022,2022/05/25,PMC9165562,,10.1056/NEJMoa2118946,9
35613022,Demethylation and Up-Regulation of an Oncogene after Hypomethylating Therapy,"Liu YC, Kwon J, Fabiani E, Xiao Z, Liu YV, Follo MY, Liu J, Huang H, Gao C, Liu J, Falconi G, Valentini L, Gurnari C, Finelli C, Cocco L, Liu JH, Jones AI, Yang J, Yang H, Thoms JAI, Unnikrishnan A, Pimanda JE, Pan R, Bassal MA, Voso MT, Tenen DG, Chai L.",N Engl J Med. 2022 May 26;386(21):1998-2010. doi: 10.1056/NEJMoa2119771.,Liu YC,N Engl J Med,2022,2022/05/25,PMC9514878,NIHMS1827161,10.1056/NEJMoa2119771,27
35373933,Childhood Cardiovascular Risk Factors and Adult Cardiovascular Events,"Jacobs DR Jr, Woo JG, Sinaiko AR, Daniels SR, Ikonen J, Juonala M, Kartiosuo N, Lehtimäki T, Magnussen CG, Viikari JSA, Zhang N, Bazzano LA, Burns TL, Prineas RJ, Steinberger J, Urbina EM, Venn AJ, Raitakari OT, Dwyer T.",N Engl J Med. 2022 May 19;386(20):1877-1888. doi: 10.1056/NEJMoa2109191. Epub 2022 Apr 4.,Jacobs DR Jr,N Engl J Med,2022,2022/04/04,PMC9563825,NIHMS1827160,10.1056/NEJMoa2109191,19
34942067,Covid-19 Vaccine Effectiveness in New York State,"Rosenberg ES, Dorabawila V, Easton D, Bauer UE, Kumar J, Hoen R, Hoefer D, Wu M, Lutterloh E, Conroy MB, Greene D, Zucker HA.",N Engl J Med. 2022 Jan 13;386(2):116-127. doi: 10.1056/NEJMoa2116063. Epub 2021 Dec 1.,Rosenberg ES,N Engl J Med,2022,2021/12/23,PMC8693697,,10.1056/NEJMoa2116063,12
34942066,Comparative Effectiveness of BNT162b2 and mRNA-1273 Vaccines in U.S. Veterans,"Dickerman BA, Gerlovin H, Madenci AL, Kurgansky KE, Ferolito BR, Figueroa Muñiz MJ, Gagnon DR, Gaziano JM, Cho K, Casas JP, Hernán MA.",N Engl J Med. 2022 Jan 13;386(2):105-115. doi: 10.1056/NEJMoa2115463. Epub 2021 Dec 1.,Dickerman BA,N Engl J Med,2022,2021/12/23,PMC8693691,,10.1056/NEJMoa2115463,11
34879190,BNT162b2 Vaccine Booster and Mortality Due to Covid-19,"Arbel R, Hammerman A, Sergienko R, Friger M, Peretz A, Netzer D, Yaron S.",N Engl J Med. 2021 Dec 23;385(26):2413-2420. doi: 10.1056/NEJMoa2115624. Epub 2021 Dec 8.,Arbel R,N Engl J Med,2021,2021/12/08,PMC8728797,,10.1056/NEJMoa2115624,7
34767706,24-Hour Urinary Sodium and Potassium Excretion and Cardiovascular Risk,"Ma Y, He FJ, Sun Q, Yuan C, Kieneker LM, Curhan GC, MacGregor GA, Bakker SJL, Campbell NRC, Wang M, Rimm EB, Manson JE, Willett WC, Hofman A, Gansevoort RT, Cook NR, Hu FB.",N Engl J Med. 2022 Jan 20;386(3):252-263. doi: 10.1056/NEJMoa2109794. Epub 2021 Nov 13.,Ma Y,N Engl J Med,2022,2021/11/12,PMC9153854,NIHMS1809091,10.1056/NEJMoa2109794,17
34758253,"100,000 Genomes Pilot on Rare-Disease Diagnosis in Health Care - Preliminary Report","100,000 Genomes Project Pilot Investigators; Smedley D, Smith KR, Martin A, Thomas EA, McDonagh EM, Cipriani V, Ellingford JM, Arno G, Tucci A, Vandrovcova J, Chan G, Williams HJ, Ratnaike T, Wei W, Stirrups K, Ibanez K, Moutsianas L, Wielscher M, Need A, Barnes MR, Vestito L, Buchanan J, Wordsworth S, Ashford S, Rehmström K, Li E, Fuller G, Twiss P, Spasic-Boskovic O, Halsall S, Floto RA, Poole K, Wagner A, Mehta SG, Gurnell M, Burrows N, James R, Penkett C, Dewhurst E, Gräf S, Mapeta R, Kasanicki M, Haworth A, Savage H, Babcock M, Reese MG, Bale M, Baple E, Boustred C, Brittain H, de Burca A, Bleda M, Devereau A, Halai D, Haraldsdottir E, Hyder Z, Kasperaviciute D, Patch C, Polychronopoulos D, Matchan A, Sultana R, Ryten M, Tavares ALT, Tregidgo C, Turnbull C, Welland M, Wood S, Snow C, Williams E, Leigh S, Foulger RE, Daugherty LC, Niblock O, Leong IUS, Wright CF, Davies J, Crichton C, Welch J, Woods K, Abulhoul L, Aurora P, Bockenhauer D, Broomfield A, Cleary MA, Lam T, Dattani M, Footitt E, Ganesan V, Grunewald S, Compeyrot-Lacassagne S, Muntoni F, Pilkington C, Quinlivan R, Thapar N, Wallis C, Wedderburn LR, Worth A, Bueser T, Compton C, et al.",N Engl J Med. 2021 Nov 11;385(20):1868-1880. doi: 10.1056/NEJMoa2035790.,"100,000 Genomes Project Pilot Investigators",N Engl J Med,2021,2021/11/10,PMC7613219,EMS151082,10.1056/NEJMoa2035790,101
34614329,Myocarditis after Covid-19 Vaccination in a Large Health Care Organization,"Witberg G, Barda N, Hoss S, Richter I, Wiessman M, Aviv Y, Grinberg T, Auster O, Dagan N, Balicer RD, Kornowski R.",N Engl J Med. 2021 Dec 2;385(23):2132-2139. doi: 10.1056/NEJMoa2110737. Epub 2021 Oct 6.,Witberg G,N Engl J Med,2021,2021/10/06,PMC8531986,,10.1056/NEJMoa2110737,11
34614324,Obesity-Associated GNAS Mutations and the Melanocortin Pathway,"Mendes de Oliveira E, Keogh JM, Talbot F, Henning E, Ahmed R, Perdikari A, Bounds R, Wasiluk N, Ayinampudi V, Barroso I, Mokrosiński J, Jyothish D, Lim S, Gupta S, Kershaw M, Matei C, Partha P, Randell T, McAulay A, Wilson LC, Cheetham T, Crowne EC, Clayton P, Farooqi IS.",N Engl J Med. 2021 Oct 21;385(17):1581-1592. doi: 10.1056/NEJMoa2103329. Epub 2021 Oct 6.,Mendes de Oliveira E,N Engl J Med,2021,2021/10/06,,,10.1056/NEJMoa2103329,24
34496175,Somatic PIK3CA Mutations in Sporadic Cerebral Cavernous Malformations,"Peyre M, Miyagishima D, Bielle F, Chapon F, Sierant M, Venot Q, Lerond J, Marijon P, Abi-Jaoude S, Le Van T, Labreche K, Houlston R, Faisant M, Clémenceau S, Boch AL, Nouet A, Carpentier A, Boetto J, Louvi A, Kalamarides M.",N Engl J Med. 2021 Sep 9;385(11):996-1004. doi: 10.1056/NEJMoa2100440.,Peyre M,N Engl J Med,2021,2021/09/08,PMC8606022,NIHMS1751181,10.1056/NEJMoa2100440,20
34379914,Clinical Features of Vaccine-Induced Immune Thrombocytopenia and Thrombosis,"Pavord S, Scully M, Hunt BJ, Lester W, Bagot C, Craven B, Rampotas A, Ambler G, Makris M.",N Engl J Med. 2021 Oct 28;385(18):1680-1689. doi: 10.1056/NEJMoa2109908. Epub 2021 Aug 11.,Pavord S,N Engl J Med,2021,2021/08/11,PMC10662971,,10.1056/NEJMoa2109908,9
34320287,Risdiplam-Treated Infants with Type 1 Spinal Muscular Atrophy versus Historical Controls,"Darras BT, Masson R, Mazurkiewicz-Bełdzińska M, Rose K, Xiong H, Zanoteli E, Baranello G, Bruno C, Vlodavets D, Wang Y, El-Khairi M, Gerber M, Gorni K, Khwaja O, Kletzl H, Scalco RS, Fontoura P, Servais L; FIREFISH Working Group.",N Engl J Med. 2021 Jul 29;385(5):427-435. doi: 10.1056/NEJMoa2102047.,Darras BT,N Engl J Med,2021,2021/07/28,,,10.1056/NEJMoa2102047,18
34320281,Covid-19 Breakthrough Infections in Vaccinated Health Care Workers,"Bergwerk M, Gonen T, Lustig Y, Amit S, Lipsitch M, Cohen C, Mandelboim M, Levin EG, Rubin C, Indenbaum V, Tal I, Zavitan M, Zuckerman N, Bar-Chaim A, Kreiss Y, Regev-Yochay G.",N Engl J Med. 2021 Oct 14;385(16):1474-1484. doi: 10.1056/NEJMoa2109072. Epub 2021 Jul 28.,Bergwerk M,N Engl J Med,2021,2021/07/28,PMC8362591,,10.1056/NEJMoa2109072,16
34133855,Multisystem Inflammatory Syndrome in Children - Initial Therapy and Outcomes,"Son MBF, Murray N, Friedman K, Young CC, Newhams MM, Feldstein LR, Loftis LL, Tarquinio KM, Singh AR, Heidemann SM, Soma VL, Riggs BJ, Fitzgerald JC, Kong M, Doymaz S, Giuliano JS Jr, Keenaghan MA, Hume JR, Hobbs CV, Schuster JE, Clouser KN, Hall MW, Smith LS, Horwitz SM, Schwartz SP, Irby K, Bradford TT, Maddux AB, Babbitt CJ, Rowan CM, McLaughlin GE, Yager PH, Maamari M, Mack EH, Carroll CL, Montgomery VL, Halasa NB, Cvijanovich NZ, Coates BM, Rose CE, Newburger JW, Patel MM, Randolph AG; Overcoming COVID-19 Investigators.",N Engl J Med. 2021 Jul 1;385(1):23-34. doi: 10.1056/NEJMoa2102605. Epub 2021 Jun 16.,Son MBF,N Engl J Med,2021,2021/06/16,PMC8220972,,10.1056/NEJMoa2102605,43
33503343,Resumption of Cardiac Activity after Withdrawal of Life-Sustaining Measures,"Dhanani S, Hornby L, van Beinum A, Scales NB, Hogue M, Baker A, Beed S, Boyd JG, Chandler JA, Chassé M, D'Aragon F, Dezfulian C, Doig CJ, Duska F, Friedrich JO, Gardiner D, Gofton T, Harvey D, Herry C, Isac G, Kramer AH, Kutsogiannis DJ, Maslove DM, Meade M, Mehta S, Munshi L, Norton L, Pagliarello G, Ramsay T, Rusinova K, Scales D, Schmidt M, Seely A, Shahin J, Slessarev M, So D, Talbot H, van Mook WNKA, Waldauf P, Weiss M, Wind JT, Shemie SD; Canadian Critical Care Trials Group; Canadian Donation and Transplantation Research Program.",N Engl J Med. 2021 Jan 28;384(4):345-352. doi: 10.1056/NEJMoa2022713.,Dhanani S,N Engl J Med,2021,2021/01/27,,,10.1056/NEJMoa2022713,42
33369366,Antibody Status and Incidence of SARS-CoV-2 Infection in Health Care Workers,"Lumley SF, O'Donnell D, Stoesser NE, Matthews PC, Howarth A, Hatch SB, Marsden BD, Cox S, James T, Warren F, Peck LJ, Ritter TG, de Toledo Z, Warren L, Axten D, Cornall RJ, Jones EY, Stuart DI, Screaton G, Ebner D, Hoosdally S, Chand M, Crook DW, O'Donnell AM, Conlon CP, Pouwels KB, Walker AS, Peto TEA, Hopkins S, Walker TM, Jeffery K, Eyre DW; Oxford University Hospitals Staff Testing Group.",N Engl J Med. 2021 Feb 11;384(6):533-540. doi: 10.1056/NEJMoa2034545. Epub 2020 Dec 23.,Lumley SF,N Engl J Med,2021,2020/12/28,PMC7781098,,10.1056/NEJMoa2034545,32
